assignmentId,classId,subjectId,teacherId,title,dueDate,maxMarks,schoolId
ASG-0001,CLS-9A,SUB-MATH,TCH-001,Mathematics Assignment #1,2025-09-01,20,SCH-001
ASG-0002,CLS-9A,SUB-MATH,TCH-001,Mathematics Assignment #2,2025-09-16,20,SCH-001
ASG-0003,CLS-9A,SUB-MATH,TCH-001,Mathematics Assignment #3,2025-10-01,20,SCH-001
ASG-0004,CLS-9A,SUB-MATH,TCH-001,Mathematics Assignment #4,2025-10-17,20,SCH-001
ASG-0005,CLS-9A,SUB-MATH,TCH-001,Mathematics Assignment #5,2025-11-03,20,SCH-001
ASG-0006,CLS-9A,SUB-MATH,TCH-001,Mathematics Assignment #6,2025-11-19,20,SCH-001
ASG-0007,CLS-9A,SUB-MATH,TCH-001,Mathematics Assignment #7,2025-12-04,20,SCH-001
ASG-0008,CLS-9A,SUB-MATH,TCH-001,Mathematics Assignment #8,2025-12-22,20,SCH-001
ASG-0009,CLS-9A,SUB-MATH,TCH-001,Mathematics Assignment #9,2026-01-06,20,SCH-001
ASG-0010,CLS-9A,SUB-MATH,TCH-001,Mathematics Assignment #10,2026-01-21,20,SCH-001
ASG-0011,CLS-9A,SUB-MATH,TCH-001,Mathematics Assignment #11,2026-02-06,20,SCH-001
ASG-0012,CLS-9A,SUB-MATH,TCH-001,Mathematics Assignment #12,2026-02-23,20,SCH-001
ASG-0013,CLS-9A,SUB-MATH,TCH-001,Mathematics Assignment #13,2026-03-11,20,SCH-001
ASG-0014,CLS-9A,SUB-MATH,TCH-001,Mathematics Assignment #14,2026-03-26,20,SCH-001
ASG-0015,CLS-9A,SUB-MATH,TCH-001,Mathematics Assignment #15,2026-04-13,20,SCH-001
ASG-0016,CLS-9A,SUB-PHY,TCH-002,Physics Assignment #1,2025-09-01,20,SCH-001
ASG-0017,CLS-9A,SUB-PHY,TCH-002,Physics Assignment #2,2025-09-16,20,SCH-001
ASG-0018,CLS-9A,SUB-PHY,TCH-002,Physics Assignment #3,2025-10-01,20,SCH-001
ASG-0019,CLS-9A,SUB-PHY,TCH-002,Physics Assignment #4,2025-10-17,20,SCH-001
ASG-0020,CLS-9A,SUB-PHY,TCH-002,Physics Assignment #5,2025-11-03,20,SCH-001
ASG-0021,CLS-9A,SUB-PHY,TCH-002,Physics Assignment #6,2025-11-19,20,SCH-001
ASG-0022,CLS-9A,SUB-PHY,TCH-002,Physics Assignment #7,2025-12-04,20,SCH-001
ASG-0023,CLS-9A,SUB-PHY,TCH-002,Physics Assignment #8,2025-12-22,20,SCH-001
ASG-0024,CLS-9A,SUB-PHY,TCH-002,Physics Assignment #9,2026-01-06,20,SCH-001
ASG-0025,CLS-9A,SUB-PHY,TCH-002,Physics Assignment #10,2026-01-21,20,SCH-001
ASG-0026,CLS-9A,SUB-PHY,TCH-002,Physics Assignment #11,2026-02-06,20,SCH-001
ASG-0027,CLS-9A,SUB-PHY,TCH-002,Physics Assignment #12,2026-02-23,20,SCH-001
ASG-0028,CLS-9A,SUB-PHY,TCH-002,Physics Assignment #13,2026-03-11,20,SCH-001
ASG-0029,CLS-9A,SUB-PHY,TCH-002,Physics Assignment #14,2026-03-26,20,SCH-001
ASG-0030,CLS-9A,SUB-PHY,TCH-002,Physics Assignment #15,2026-04-13,20,SCH-001
ASG-0031,CLS-9A,SUB-CHEM,TCH-003,Chemistry Assignment #1,2025-09-01,20,SCH-001
ASG-0032,CLS-9A,SUB-CHEM,TCH-003,Chemistry Assignment #2,2025-09-16,20,SCH-001
ASG-0033,CLS-9A,SUB-CHEM,TCH-003,Chemistry Assignment #3,2025-10-01,20,SCH-001
ASG-0034,CLS-9A,SUB-CHEM,TCH-003,Chemistry Assignment #4,2025-10-17,20,SCH-001
ASG-0035,CLS-9A,SUB-CHEM,TCH-003,Chemistry Assignment #5,2025-11-03,20,SCH-001
ASG-0036,CLS-9A,SUB-CHEM,TCH-003,Chemistry Assignment #6,2025-11-19,20,SCH-001
ASG-0037,CLS-9A,SUB-CHEM,TCH-003,Chemistry Assignment #7,2025-12-04,20,SCH-001
ASG-0038,CLS-9A,SUB-CHEM,TCH-003,Chemistry Assignment #8,2025-12-22,20,SCH-001
ASG-0039,CLS-9A,SUB-CHEM,TCH-003,Chemistry Assignment #9,2026-01-06,20,SCH-001
ASG-0040,CLS-9A,SUB-CHEM,TCH-003,Chemistry Assignment #10,2026-01-21,20,SCH-001
ASG-0041,CLS-9A,SUB-CHEM,TCH-003,Chemistry Assignment #11,2026-02-06,20,SCH-001
ASG-0042,CLS-9A,SUB-CHEM,TCH-003,Chemistry Assignment #12,2026-02-23,20,SCH-001
ASG-0043,CLS-9A,SUB-CHEM,TCH-003,Chemistry Assignment #13,2026-03-11,20,SCH-001
ASG-0044,CLS-9A,SUB-CHEM,TCH-003,Chemistry Assignment #14,2026-03-26,20,SCH-001
ASG-0045,CLS-9A,SUB-CHEM,TCH-003,Chemistry Assignment #15,2026-04-13,20,SCH-001
ASG-0046,CLS-9A,SUB-ENG,TCH-004,English Assignment #1,2025-09-01,20,SCH-001
ASG-0047,CLS-9A,SUB-ENG,TCH-004,English Assignment #2,2025-09-16,20,SCH-001
ASG-0048,CLS-9A,SUB-ENG,TCH-004,English Assignment #3,2025-10-01,20,SCH-001
ASG-0049,CLS-9A,SUB-ENG,TCH-004,English Assignment #4,2025-10-17,20,SCH-001
ASG-0050,CLS-9A,SUB-ENG,TCH-004,English Assignment #5,2025-11-03,20,SCH-001
ASG-0051,CLS-9A,SUB-ENG,TCH-004,English Assignment #6,2025-11-19,20,SCH-001
ASG-0052,CLS-9A,SUB-ENG,TCH-004,English Assignment #7,2025-12-04,20,SCH-001
ASG-0053,CLS-9A,SUB-ENG,TCH-004,English Assignment #8,2025-12-22,20,SCH-001
ASG-0054,CLS-9A,SUB-ENG,TCH-004,English Assignment #9,2026-01-06,20,SCH-001
ASG-0055,CLS-9A,SUB-ENG,TCH-004,English Assignment #10,2026-01-21,20,SCH-001
ASG-0056,CLS-9A,SUB-ENG,TCH-004,English Assignment #11,2026-02-06,20,SCH-001
ASG-0057,CLS-9A,SUB-ENG,TCH-004,English Assignment #12,2026-02-23,20,SCH-001
ASG-0058,CLS-9A,SUB-ENG,TCH-004,English Assignment #13,2026-03-11,20,SCH-001
ASG-0059,CLS-9A,SUB-ENG,TCH-004,English Assignment #14,2026-03-26,20,SCH-001
ASG-0060,CLS-9A,SUB-ENG,TCH-004,English Assignment #15,2026-04-13,20,SCH-001
ASG-0061,CLS-9A,SUB-HIST,TCH-005,History Assignment #1,2025-09-01,20,SCH-001
ASG-0062,CLS-9A,SUB-HIST,TCH-005,History Assignment #2,2025-09-16,20,SCH-001
ASG-0063,CLS-9A,SUB-HIST,TCH-005,History Assignment #3,2025-10-01,20,SCH-001
ASG-0064,CLS-9A,SUB-HIST,TCH-005,History Assignment #4,2025-10-17,20,SCH-001
ASG-0065,CLS-9A,SUB-HIST,TCH-005,History Assignment #5,2025-11-03,20,SCH-001
ASG-0066,CLS-9A,SUB-HIST,TCH-005,History Assignment #6,2025-11-19,20,SCH-001
ASG-0067,CLS-9A,SUB-HIST,TCH-005,History Assignment #7,2025-12-04,20,SCH-001
ASG-0068,CLS-9A,SUB-HIST,TCH-005,History Assignment #8,2025-12-22,20,SCH-001
ASG-0069,CLS-9A,SUB-HIST,TCH-005,History Assignment #9,2026-01-06,20,SCH-001
ASG-0070,CLS-9A,SUB-HIST,TCH-005,History Assignment #10,2026-01-21,20,SCH-001
ASG-0071,CLS-9A,SUB-HIST,TCH-005,History Assignment #11,2026-02-06,20,SCH-001
ASG-0072,CLS-9A,SUB-HIST,TCH-005,History Assignment #12,2026-02-23,20,SCH-001
ASG-0073,CLS-9A,SUB-HIST,TCH-005,History Assignment #13,2026-03-11,20,SCH-001
ASG-0074,CLS-9A,SUB-HIST,TCH-005,History Assignment #14,2026-03-26,20,SCH-001
ASG-0075,CLS-9A,SUB-HIST,TCH-005,History Assignment #15,2026-04-13,20,SCH-001
ASG-0076,CLS-9B,SUB-MATH,TCH-001,Mathematics Assignment #1,2025-09-01,20,SCH-001
ASG-0077,CLS-9B,SUB-MATH,TCH-001,Mathematics Assignment #2,2025-09-16,20,SCH-001
ASG-0078,CLS-9B,SUB-MATH,TCH-001,Mathematics Assignment #3,2025-10-01,20,SCH-001
ASG-0079,CLS-9B,SUB-MATH,TCH-001,Mathematics Assignment #4,2025-10-17,20,SCH-001
ASG-0080,CLS-9B,SUB-MATH,TCH-001,Mathematics Assignment #5,2025-11-03,20,SCH-001
ASG-0081,CLS-9B,SUB-MATH,TCH-001,Mathematics Assignment #6,2025-11-19,20,SCH-001
ASG-0082,CLS-9B,SUB-MATH,TCH-001,Mathematics Assignment #7,2025-12-04,20,SCH-001
ASG-0083,CLS-9B,SUB-MATH,TCH-001,Mathematics Assignment #8,2025-12-22,20,SCH-001
ASG-0084,CLS-9B,SUB-MATH,TCH-001,Mathematics Assignment #9,2026-01-06,20,SCH-001
ASG-0085,CLS-9B,SUB-MATH,TCH-001,Mathematics Assignment #10,2026-01-21,20,SCH-001
ASG-0086,CLS-9B,SUB-MATH,TCH-001,Mathematics Assignment #11,2026-02-06,20,SCH-001
ASG-0087,CLS-9B,SUB-MATH,TCH-001,Mathematics Assignment #12,2026-02-23,20,SCH-001
ASG-0088,CLS-9B,SUB-MATH,TCH-001,Mathematics Assignment #13,2026-03-11,20,SCH-001
ASG-0089,CLS-9B,SUB-MATH,TCH-001,Mathematics Assignment #14,2026-03-26,20,SCH-001
ASG-0090,CLS-9B,SUB-MATH,TCH-001,Mathematics Assignment #15,2026-04-13,20,SCH-001
ASG-0091,CLS-9B,SUB-PHY,TCH-002,Physics Assignment #1,2025-09-01,20,SCH-001
ASG-0092,CLS-9B,SUB-PHY,TCH-002,Physics Assignment #2,2025-09-16,20,SCH-001
ASG-0093,CLS-9B,SUB-PHY,TCH-002,Physics Assignment #3,2025-10-01,20,SCH-001
ASG-0094,CLS-9B,SUB-PHY,TCH-002,Physics Assignment #4,2025-10-17,20,SCH-001
ASG-0095,CLS-9B,SUB-PHY,TCH-002,Physics Assignment #5,2025-11-03,20,SCH-001
ASG-0096,CLS-9B,SUB-PHY,TCH-002,Physics Assignment #6,2025-11-19,20,SCH-001
ASG-0097,CLS-9B,SUB-PHY,TCH-002,Physics Assignment #7,2025-12-04,20,SCH-001
ASG-0098,CLS-9B,SUB-PHY,TCH-002,Physics Assignment #8,2025-12-22,20,SCH-001
ASG-0099,CLS-9B,SUB-PHY,TCH-002,Physics Assignment #9,2026-01-06,20,SCH-001
ASG-0100,CLS-9B,SUB-PHY,TCH-002,Physics Assignment #10,2026-01-21,20,SCH-001
ASG-0101,CLS-9B,SUB-PHY,TCH-002,Physics Assignment #11,2026-02-06,20,SCH-001
ASG-0102,CLS-9B,SUB-PHY,TCH-002,Physics Assignment #12,2026-02-23,20,SCH-001
ASG-0103,CLS-9B,SUB-PHY,TCH-002,Physics Assignment #13,2026-03-11,20,SCH-001
ASG-0104,CLS-9B,SUB-PHY,TCH-002,Physics Assignment #14,2026-03-26,20,SCH-001
ASG-0105,CLS-9B,SUB-PHY,TCH-002,Physics Assignment #15,2026-04-13,20,SCH-001
ASG-0106,CLS-9B,SUB-CHEM,TCH-003,Chemistry Assignment #1,2025-09-01,20,SCH-001
ASG-0107,CLS-9B,SUB-CHEM,TCH-003,Chemistry Assignment #2,2025-09-16,20,SCH-001
ASG-0108,CLS-9B,SUB-CHEM,TCH-003,Chemistry Assignment #3,2025-10-01,20,SCH-001
ASG-0109,CLS-9B,SUB-CHEM,TCH-003,Chemistry Assignment #4,2025-10-17,20,SCH-001
ASG-0110,CLS-9B,SUB-CHEM,TCH-003,Chemistry Assignment #5,2025-11-03,20,SCH-001
ASG-0111,CLS-9B,SUB-CHEM,TCH-003,Chemistry Assignment #6,2025-11-19,20,SCH-001
ASG-0112,CLS-9B,SUB-CHEM,TCH-003,Chemistry Assignment #7,2025-12-04,20,SCH-001
ASG-0113,CLS-9B,SUB-CHEM,TCH-003,Chemistry Assignment #8,2025-12-22,20,SCH-001
ASG-0114,CLS-9B,SUB-CHEM,TCH-003,Chemistry Assignment #9,2026-01-06,20,SCH-001
ASG-0115,CLS-9B,SUB-CHEM,TCH-003,Chemistry Assignment #10,2026-01-21,20,SCH-001
ASG-0116,CLS-9B,SUB-CHEM,TCH-003,Chemistry Assignment #11,2026-02-06,20,SCH-001
ASG-0117,CLS-9B,SUB-CHEM,TCH-003,Chemistry Assignment #12,2026-02-23,20,SCH-001
ASG-0118,CLS-9B,SUB-CHEM,TCH-003,Chemistry Assignment #13,2026-03-11,20,SCH-001
ASG-0119,CLS-9B,SUB-CHEM,TCH-003,Chemistry Assignment #14,2026-03-26,20,SCH-001
ASG-0120,CLS-9B,SUB-CHEM,TCH-003,Chemistry Assignment #15,2026-04-13,20,SCH-001
ASG-0121,CLS-9B,SUB-ENG,TCH-004,English Assignment #1,2025-09-01,20,SCH-001
ASG-0122,CLS-9B,SUB-ENG,TCH-004,English Assignment #2,2025-09-16,20,SCH-001
ASG-0123,CLS-9B,SUB-ENG,TCH-004,English Assignment #3,2025-10-01,20,SCH-001
ASG-0124,CLS-9B,SUB-ENG,TCH-004,English Assignment #4,2025-10-17,20,SCH-001
ASG-0125,CLS-9B,SUB-ENG,TCH-004,English Assignment #5,2025-11-03,20,SCH-001
ASG-0126,CLS-9B,SUB-ENG,TCH-004,English Assignment #6,2025-11-19,20,SCH-001
ASG-0127,CLS-9B,SUB-ENG,TCH-004,English Assignment #7,2025-12-04,20,SCH-001
ASG-0128,CLS-9B,SUB-ENG,TCH-004,English Assignment #8,2025-12-22,20,SCH-001
ASG-0129,CLS-9B,SUB-ENG,TCH-004,English Assignment #9,2026-01-06,20,SCH-001
ASG-0130,CLS-9B,SUB-ENG,TCH-004,English Assignment #10,2026-01-21,20,SCH-001
ASG-0131,CLS-9B,SUB-ENG,TCH-004,English Assignment #11,2026-02-06,20,SCH-001
ASG-0132,CLS-9B,SUB-ENG,TCH-004,English Assignment #12,2026-02-23,20,SCH-001
ASG-0133,CLS-9B,SUB-ENG,TCH-004,English Assignment #13,2026-03-11,20,SCH-001
ASG-0134,CLS-9B,SUB-ENG,TCH-004,English Assignment #14,2026-03-26,20,SCH-001
ASG-0135,CLS-9B,SUB-ENG,TCH-004,English Assignment #15,2026-04-13,20,SCH-001
ASG-0136,CLS-9B,SUB-HIST,TCH-005,History Assignment #1,2025-09-01,20,SCH-001
ASG-0137,CLS-9B,SUB-HIST,TCH-005,History Assignment #2,2025-09-16,20,SCH-001
ASG-0138,CLS-9B,SUB-HIST,TCH-005,History Assignment #3,2025-10-01,20,SCH-001
ASG-0139,CLS-9B,SUB-HIST,TCH-005,History Assignment #4,2025-10-17,20,SCH-001
ASG-0140,CLS-9B,SUB-HIST,TCH-005,History Assignment #5,2025-11-03,20,SCH-001
ASG-0141,CLS-9B,SUB-HIST,TCH-005,History Assignment #6,2025-11-19,20,SCH-001
ASG-0142,CLS-9B,SUB-HIST,TCH-005,History Assignment #7,2025-12-04,20,SCH-001
ASG-0143,CLS-9B,SUB-HIST,TCH-005,History Assignment #8,2025-12-22,20,SCH-001
ASG-0144,CLS-9B,SUB-HIST,TCH-005,History Assignment #9,2026-01-06,20,SCH-001
ASG-0145,CLS-9B,SUB-HIST,TCH-005,History Assignment #10,2026-01-21,20,SCH-001
ASG-0146,CLS-9B,SUB-HIST,TCH-005,History Assignment #11,2026-02-06,20,SCH-001
ASG-0147,CLS-9B,SUB-HIST,TCH-005,History Assignment #12,2026-02-23,20,SCH-001
ASG-0148,CLS-9B,SUB-HIST,TCH-005,History Assignment #13,2026-03-11,20,SCH-001
ASG-0149,CLS-9B,SUB-HIST,TCH-005,History Assignment #14,2026-03-26,20,SCH-001
ASG-0150,CLS-9B,SUB-HIST,TCH-005,History Assignment #15,2026-04-13,20,SCH-001
ASG-0151,CLS-9C,SUB-MATH,TCH-001,Mathematics Assignment #1,2025-09-01,20,SCH-001
ASG-0152,CLS-9C,SUB-MATH,TCH-001,Mathematics Assignment #2,2025-09-16,20,SCH-001
ASG-0153,CLS-9C,SUB-MATH,TCH-001,Mathematics Assignment #3,2025-10-01,20,SCH-001
ASG-0154,CLS-9C,SUB-MATH,TCH-001,Mathematics Assignment #4,2025-10-17,20,SCH-001
ASG-0155,CLS-9C,SUB-MATH,TCH-001,Mathematics Assignment #5,2025-11-03,20,SCH-001
ASG-0156,CLS-9C,SUB-MATH,TCH-001,Mathematics Assignment #6,2025-11-19,20,SCH-001
ASG-0157,CLS-9C,SUB-MATH,TCH-001,Mathematics Assignment #7,2025-12-04,20,SCH-001
ASG-0158,CLS-9C,SUB-MATH,TCH-001,Mathematics Assignment #8,2025-12-22,20,SCH-001
ASG-0159,CLS-9C,SUB-MATH,TCH-001,Mathematics Assignment #9,2026-01-06,20,SCH-001
ASG-0160,CLS-9C,SUB-MATH,TCH-001,Mathematics Assignment #10,2026-01-21,20,SCH-001
ASG-0161,CLS-9C,SUB-MATH,TCH-001,Mathematics Assignment #11,2026-02-06,20,SCH-001
ASG-0162,CLS-9C,SUB-MATH,TCH-001,Mathematics Assignment #12,2026-02-23,20,SCH-001
ASG-0163,CLS-9C,SUB-MATH,TCH-001,Mathematics Assignment #13,2026-03-11,20,SCH-001
ASG-0164,CLS-9C,SUB-MATH,TCH-001,Mathematics Assignment #14,2026-03-26,20,SCH-001
ASG-0165,CLS-9C,SUB-MATH,TCH-001,Mathematics Assignment #15,2026-04-13,20,SCH-001
ASG-0166,CLS-9C,SUB-PHY,TCH-002,Physics Assignment #1,2025-09-01,20,SCH-001
ASG-0167,CLS-9C,SUB-PHY,TCH-002,Physics Assignment #2,2025-09-16,20,SCH-001
ASG-0168,CLS-9C,SUB-PHY,TCH-002,Physics Assignment #3,2025-10-01,20,SCH-001
ASG-0169,CLS-9C,SUB-PHY,TCH-002,Physics Assignment #4,2025-10-17,20,SCH-001
ASG-0170,CLS-9C,SUB-PHY,TCH-002,Physics Assignment #5,2025-11-03,20,SCH-001
ASG-0171,CLS-9C,SUB-PHY,TCH-002,Physics Assignment #6,2025-11-19,20,SCH-001
ASG-0172,CLS-9C,SUB-PHY,TCH-002,Physics Assignment #7,2025-12-04,20,SCH-001
ASG-0173,CLS-9C,SUB-PHY,TCH-002,Physics Assignment #8,2025-12-22,20,SCH-001
ASG-0174,CLS-9C,SUB-PHY,TCH-002,Physics Assignment #9,2026-01-06,20,SCH-001
ASG-0175,CLS-9C,SUB-PHY,TCH-002,Physics Assignment #10,2026-01-21,20,SCH-001
ASG-0176,CLS-9C,SUB-PHY,TCH-002,Physics Assignment #11,2026-02-06,20,SCH-001
ASG-0177,CLS-9C,SUB-PHY,TCH-002,Physics Assignment #12,2026-02-23,20,SCH-001
ASG-0178,CLS-9C,SUB-PHY,TCH-002,Physics Assignment #13,2026-03-11,20,SCH-001
ASG-0179,CLS-9C,SUB-PHY,TCH-002,Physics Assignment #14,2026-03-26,20,SCH-001
ASG-0180,CLS-9C,SUB-PHY,TCH-002,Physics Assignment #15,2026-04-13,20,SCH-001
ASG-0181,CLS-9C,SUB-CHEM,TCH-003,Chemistry Assignment #1,2025-09-01,20,SCH-001
ASG-0182,CLS-9C,SUB-CHEM,TCH-003,Chemistry Assignment #2,2025-09-16,20,SCH-001
ASG-0183,CLS-9C,SUB-CHEM,TCH-003,Chemistry Assignment #3,2025-10-01,20,SCH-001
ASG-0184,CLS-9C,SUB-CHEM,TCH-003,Chemistry Assignment #4,2025-10-17,20,SCH-001
ASG-0185,CLS-9C,SUB-CHEM,TCH-003,Chemistry Assignment #5,2025-11-03,20,SCH-001
ASG-0186,CLS-9C,SUB-CHEM,TCH-003,Chemistry Assignment #6,2025-11-19,20,SCH-001
ASG-0187,CLS-9C,SUB-CHEM,TCH-003,Chemistry Assignment #7,2025-12-04,20,SCH-001
ASG-0188,CLS-9C,SUB-CHEM,TCH-003,Chemistry Assignment #8,2025-12-22,20,SCH-001
ASG-0189,CLS-9C,SUB-CHEM,TCH-003,Chemistry Assignment #9,2026-01-06,20,SCH-001
ASG-0190,CLS-9C,SUB-CHEM,TCH-003,Chemistry Assignment #10,2026-01-21,20,SCH-001
ASG-0191,CLS-9C,SUB-CHEM,TCH-003,Chemistry Assignment #11,2026-02-06,20,SCH-001
ASG-0192,CLS-9C,SUB-CHEM,TCH-003,Chemistry Assignment #12,2026-02-23,20,SCH-001
ASG-0193,CLS-9C,SUB-CHEM,TCH-003,Chemistry Assignment #13,2026-03-11,20,SCH-001
ASG-0194,CLS-9C,SUB-CHEM,TCH-003,Chemistry Assignment #14,2026-03-26,20,SCH-001
ASG-0195,CLS-9C,SUB-CHEM,TCH-003,Chemistry Assignment #15,2026-04-13,20,SCH-001
ASG-0196,CLS-9C,SUB-ENG,TCH-004,English Assignment #1,2025-09-01,20,SCH-001
ASG-0197,CLS-9C,SUB-ENG,TCH-004,English Assignment #2,2025-09-16,20,SCH-001
ASG-0198,CLS-9C,SUB-ENG,TCH-004,English Assignment #3,2025-10-01,20,SCH-001
ASG-0199,CLS-9C,SUB-ENG,TCH-004,English Assignment #4,2025-10-17,20,SCH-001
ASG-0200,CLS-9C,SUB-ENG,TCH-004,English Assignment #5,2025-11-03,20,SCH-001
ASG-0201,CLS-9C,SUB-ENG,TCH-004,English Assignment #6,2025-11-19,20,SCH-001
ASG-0202,CLS-9C,SUB-ENG,TCH-004,English Assignment #7,2025-12-04,20,SCH-001
ASG-0203,CLS-9C,SUB-ENG,TCH-004,English Assignment #8,2025-12-22,20,SCH-001
ASG-0204,CLS-9C,SUB-ENG,TCH-004,English Assignment #9,2026-01-06,20,SCH-001
ASG-0205,CLS-9C,SUB-ENG,TCH-004,English Assignment #10,2026-01-21,20,SCH-001
ASG-0206,CLS-9C,SUB-ENG,TCH-004,English Assignment #11,2026-02-06,20,SCH-001
ASG-0207,CLS-9C,SUB-ENG,TCH-004,English Assignment #12,2026-02-23,20,SCH-001
ASG-0208,CLS-9C,SUB-ENG,TCH-004,English Assignment #13,2026-03-11,20,SCH-001
ASG-0209,CLS-9C,SUB-ENG,TCH-004,English Assignment #14,2026-03-26,20,SCH-001
ASG-0210,CLS-9C,SUB-ENG,TCH-004,English Assignment #15,2026-04-13,20,SCH-001
ASG-0211,CLS-9C,SUB-HIST,TCH-005,History Assignment #1,2025-09-01,20,SCH-001
ASG-0212,CLS-9C,SUB-HIST,TCH-005,History Assignment #2,2025-09-16,20,SCH-001
ASG-0213,CLS-9C,SUB-HIST,TCH-005,History Assignment #3,2025-10-01,20,SCH-001
ASG-0214,CLS-9C,SUB-HIST,TCH-005,History Assignment #4,2025-10-17,20,SCH-001
ASG-0215,CLS-9C,SUB-HIST,TCH-005,History Assignment #5,2025-11-03,20,SCH-001
ASG-0216,CLS-9C,SUB-HIST,TCH-005,History Assignment #6,2025-11-19,20,SCH-001
ASG-0217,CLS-9C,SUB-HIST,TCH-005,History Assignment #7,2025-12-04,20,SCH-001
ASG-0218,CLS-9C,SUB-HIST,TCH-005,History Assignment #8,2025-12-22,20,SCH-001
ASG-0219,CLS-9C,SUB-HIST,TCH-005,History Assignment #9,2026-01-06,20,SCH-001
ASG-0220,CLS-9C,SUB-HIST,TCH-005,History Assignment #10,2026-01-21,20,SCH-001
ASG-0221,CLS-9C,SUB-HIST,TCH-005,History Assignment #11,2026-02-06,20,SCH-001
ASG-0222,CLS-9C,SUB-HIST,TCH-005,History Assignment #12,2026-02-23,20,SCH-001
ASG-0223,CLS-9C,SUB-HIST,TCH-005,History Assignment #13,2026-03-11,20,SCH-001
ASG-0224,CLS-9C,SUB-HIST,TCH-005,History Assignment #14,2026-03-26,20,SCH-001
ASG-0225,CLS-9C,SUB-HIST,TCH-005,History Assignment #15,2026-04-13,20,SCH-001
ASG-0226,CLS-10A,SUB-MATH,TCH-001,Mathematics Assignment #1,2025-09-01,20,SCH-001
ASG-0227,CLS-10A,SUB-MATH,TCH-001,Mathematics Assignment #2,2025-09-16,20,SCH-001
ASG-0228,CLS-10A,SUB-MATH,TCH-001,Mathematics Assignment #3,2025-10-01,20,SCH-001
ASG-0229,CLS-10A,SUB-MATH,TCH-001,Mathematics Assignment #4,2025-10-17,20,SCH-001
ASG-0230,CLS-10A,SUB-MATH,TCH-001,Mathematics Assignment #5,2025-11-03,20,SCH-001
ASG-0231,CLS-10A,SUB-MATH,TCH-001,Mathematics Assignment #6,2025-11-19,20,SCH-001
ASG-0232,CLS-10A,SUB-MATH,TCH-001,Mathematics Assignment #7,2025-12-04,20,SCH-001
ASG-0233,CLS-10A,SUB-MATH,TCH-001,Mathematics Assignment #8,2025-12-22,20,SCH-001
ASG-0234,CLS-10A,SUB-MATH,TCH-001,Mathematics Assignment #9,2026-01-06,20,SCH-001
ASG-0235,CLS-10A,SUB-MATH,TCH-001,Mathematics Assignment #10,2026-01-21,20,SCH-001
ASG-0236,CLS-10A,SUB-MATH,TCH-001,Mathematics Assignment #11,2026-02-06,20,SCH-001
ASG-0237,CLS-10A,SUB-MATH,TCH-001,Mathematics Assignment #12,2026-02-23,20,SCH-001
ASG-0238,CLS-10A,SUB-MATH,TCH-001,Mathematics Assignment #13,2026-03-11,20,SCH-001
ASG-0239,CLS-10A,SUB-MATH,TCH-001,Mathematics Assignment #14,2026-03-26,20,SCH-001
ASG-0240,CLS-10A,SUB-MATH,TCH-001,Mathematics Assignment #15,2026-04-13,20,SCH-001
ASG-0241,CLS-10A,SUB-PHY,TCH-002,Physics Assignment #1,2025-09-01,20,SCH-001
ASG-0242,CLS-10A,SUB-PHY,TCH-002,Physics Assignment #2,2025-09-16,20,SCH-001
ASG-0243,CLS-10A,SUB-PHY,TCH-002,Physics Assignment #3,2025-10-01,20,SCH-001
ASG-0244,CLS-10A,SUB-PHY,TCH-002,Physics Assignment #4,2025-10-17,20,SCH-001
ASG-0245,CLS-10A,SUB-PHY,TCH-002,Physics Assignment #5,2025-11-03,20,SCH-001
ASG-0246,CLS-10A,SUB-PHY,TCH-002,Physics Assignment #6,2025-11-19,20,SCH-001
ASG-0247,CLS-10A,SUB-PHY,TCH-002,Physics Assignment #7,2025-12-04,20,SCH-001
ASG-0248,CLS-10A,SUB-PHY,TCH-002,Physics Assignment #8,2025-12-22,20,SCH-001
ASG-0249,CLS-10A,SUB-PHY,TCH-002,Physics Assignment #9,2026-01-06,20,SCH-001
ASG-0250,CLS-10A,SUB-PHY,TCH-002,Physics Assignment #10,2026-01-21,20,SCH-001
ASG-0251,CLS-10A,SUB-PHY,TCH-002,Physics Assignment #11,2026-02-06,20,SCH-001
ASG-0252,CLS-10A,SUB-PHY,TCH-002,Physics Assignment #12,2026-02-23,20,SCH-001
ASG-0253,CLS-10A,SUB-PHY,TCH-002,Physics Assignment #13,2026-03-11,20,SCH-001
ASG-0254,CLS-10A,SUB-PHY,TCH-002,Physics Assignment #14,2026-03-26,20,SCH-001
ASG-0255,CLS-10A,SUB-PHY,TCH-002,Physics Assignment #15,2026-04-13,20,SCH-001
ASG-0256,CLS-10A,SUB-CHEM,TCH-003,Chemistry Assignment #1,2025-09-01,20,SCH-001
ASG-0257,CLS-10A,SUB-CHEM,TCH-003,Chemistry Assignment #2,2025-09-16,20,SCH-001
ASG-0258,CLS-10A,SUB-CHEM,TCH-003,Chemistry Assignment #3,2025-10-01,20,SCH-001
ASG-0259,CLS-10A,SUB-CHEM,TCH-003,Chemistry Assignment #4,2025-10-17,20,SCH-001
ASG-0260,CLS-10A,SUB-CHEM,TCH-003,Chemistry Assignment #5,2025-11-03,20,SCH-001
ASG-0261,CLS-10A,SUB-CHEM,TCH-003,Chemistry Assignment #6,2025-11-19,20,SCH-001
ASG-0262,CLS-10A,SUB-CHEM,TCH-003,Chemistry Assignment #7,2025-12-04,20,SCH-001
ASG-0263,CLS-10A,SUB-CHEM,TCH-003,Chemistry Assignment #8,2025-12-22,20,SCH-001
ASG-0264,CLS-10A,SUB-CHEM,TCH-003,Chemistry Assignment #9,2026-01-06,20,SCH-001
ASG-0265,CLS-10A,SUB-CHEM,TCH-003,Chemistry Assignment #10,2026-01-21,20,SCH-001
ASG-0266,CLS-10A,SUB-CHEM,TCH-003,Chemistry Assignment #11,2026-02-06,20,SCH-001
ASG-0267,CLS-10A,SUB-CHEM,TCH-003,Chemistry Assignment #12,2026-02-23,20,SCH-001
ASG-0268,CLS-10A,SUB-CHEM,TCH-003,Chemistry Assignment #13,2026-03-11,20,SCH-001
ASG-0269,CLS-10A,SUB-CHEM,TCH-003,Chemistry Assignment #14,2026-03-26,20,SCH-001
ASG-0270,CLS-10A,SUB-CHEM,TCH-003,Chemistry Assignment #15,2026-04-13,20,SCH-001
ASG-0271,CLS-10A,SUB-ENG,TCH-004,English Assignment #1,2025-09-01,20,SCH-001
ASG-0272,CLS-10A,SUB-ENG,TCH-004,English Assignment #2,2025-09-16,20,SCH-001
ASG-0273,CLS-10A,SUB-ENG,TCH-004,English Assignment #3,2025-10-01,20,SCH-001
ASG-0274,CLS-10A,SUB-ENG,TCH-004,English Assignment #4,2025-10-17,20,SCH-001
ASG-0275,CLS-10A,SUB-ENG,TCH-004,English Assignment #5,2025-11-03,20,SCH-001
ASG-0276,CLS-10A,SUB-ENG,TCH-004,English Assignment #6,2025-11-19,20,SCH-001
ASG-0277,CLS-10A,SUB-ENG,TCH-004,English Assignment #7,2025-12-04,20,SCH-001
ASG-0278,CLS-10A,SUB-ENG,TCH-004,English Assignment #8,2025-12-22,20,SCH-001
ASG-0279,CLS-10A,SUB-ENG,TCH-004,English Assignment #9,2026-01-06,20,SCH-001
ASG-0280,CLS-10A,SUB-ENG,TCH-004,English Assignment #10,2026-01-21,20,SCH-001
ASG-0281,CLS-10A,SUB-ENG,TCH-004,English Assignment #11,2026-02-06,20,SCH-001
ASG-0282,CLS-10A,SUB-ENG,TCH-004,English Assignment #12,2026-02-23,20,SCH-001
ASG-0283,CLS-10A,SUB-ENG,TCH-004,English Assignment #13,2026-03-11,20,SCH-001
ASG-0284,CLS-10A,SUB-ENG,TCH-004,English Assignment #14,2026-03-26,20,SCH-001
ASG-0285,CLS-10A,SUB-ENG,TCH-004,English Assignment #15,2026-04-13,20,SCH-001
ASG-0286,CLS-10A,SUB-HIST,TCH-005,History Assignment #1,2025-09-01,20,SCH-001
ASG-0287,CLS-10A,SUB-HIST,TCH-005,History Assignment #2,2025-09-16,20,SCH-001
ASG-0288,CLS-10A,SUB-HIST,TCH-005,History Assignment #3,2025-10-01,20,SCH-001
ASG-0289,CLS-10A,SUB-HIST,TCH-005,History Assignment #4,2025-10-17,20,SCH-001
ASG-0290,CLS-10A,SUB-HIST,TCH-005,History Assignment #5,2025-11-03,20,SCH-001
ASG-0291,CLS-10A,SUB-HIST,TCH-005,History Assignment #6,2025-11-19,20,SCH-001
ASG-0292,CLS-10A,SUB-HIST,TCH-005,History Assignment #7,2025-12-04,20,SCH-001
ASG-0293,CLS-10A,SUB-HIST,TCH-005,History Assignment #8,2025-12-22,20,SCH-001
ASG-0294,CLS-10A,SUB-HIST,TCH-005,History Assignment #9,2026-01-06,20,SCH-001
ASG-0295,CLS-10A,SUB-HIST,TCH-005,History Assignment #10,2026-01-21,20,SCH-001
ASG-0296,CLS-10A,SUB-HIST,TCH-005,History Assignment #11,2026-02-06,20,SCH-001
ASG-0297,CLS-10A,SUB-HIST,TCH-005,History Assignment #12,2026-02-23,20,SCH-001
ASG-0298,CLS-10A,SUB-HIST,TCH-005,History Assignment #13,2026-03-11,20,SCH-001
ASG-0299,CLS-10A,SUB-HIST,TCH-005,History Assignment #14,2026-03-26,20,SCH-001
ASG-0300,CLS-10A,SUB-HIST,TCH-005,History Assignment #15,2026-04-13,20,SCH-001
ASG-0301,CLS-10B,SUB-MATH,TCH-001,Mathematics Assignment #1,2025-09-01,20,SCH-001
ASG-0302,CLS-10B,SUB-MATH,TCH-001,Mathematics Assignment #2,2025-09-16,20,SCH-001
ASG-0303,CLS-10B,SUB-MATH,TCH-001,Mathematics Assignment #3,2025-10-01,20,SCH-001
ASG-0304,CLS-10B,SUB-MATH,TCH-001,Mathematics Assignment #4,2025-10-17,20,SCH-001
ASG-0305,CLS-10B,SUB-MATH,TCH-001,Mathematics Assignment #5,2025-11-03,20,SCH-001
ASG-0306,CLS-10B,SUB-MATH,TCH-001,Mathematics Assignment #6,2025-11-19,20,SCH-001
ASG-0307,CLS-10B,SUB-MATH,TCH-001,Mathematics Assignment #7,2025-12-04,20,SCH-001
ASG-0308,CLS-10B,SUB-MATH,TCH-001,Mathematics Assignment #8,2025-12-22,20,SCH-001
ASG-0309,CLS-10B,SUB-MATH,TCH-001,Mathematics Assignment #9,2026-01-06,20,SCH-001
ASG-0310,CLS-10B,SUB-MATH,TCH-001,Mathematics Assignment #10,2026-01-21,20,SCH-001
ASG-0311,CLS-10B,SUB-MATH,TCH-001,Mathematics Assignment #11,2026-02-06,20,SCH-001
ASG-0312,CLS-10B,SUB-MATH,TCH-001,Mathematics Assignment #12,2026-02-23,20,SCH-001
ASG-0313,CLS-10B,SUB-MATH,TCH-001,Mathematics Assignment #13,2026-03-11,20,SCH-001
ASG-0314,CLS-10B,SUB-MATH,TCH-001,Mathematics Assignment #14,2026-03-26,20,SCH-001
ASG-0315,CLS-10B,SUB-MATH,TCH-001,Mathematics Assignment #15,2026-04-13,20,SCH-001
ASG-0316,CLS-10B,SUB-PHY,TCH-002,Physics Assignment #1,2025-09-01,20,SCH-001
ASG-0317,CLS-10B,SUB-PHY,TCH-002,Physics Assignment #2,2025-09-16,20,SCH-001
ASG-0318,CLS-10B,SUB-PHY,TCH-002,Physics Assignment #3,2025-10-01,20,SCH-001
ASG-0319,CLS-10B,SUB-PHY,TCH-002,Physics Assignment #4,2025-10-17,20,SCH-001
ASG-0320,CLS-10B,SUB-PHY,TCH-002,Physics Assignment #5,2025-11-03,20,SCH-001
ASG-0321,CLS-10B,SUB-PHY,TCH-002,Physics Assignment #6,2025-11-19,20,SCH-001
ASG-0322,CLS-10B,SUB-PHY,TCH-002,Physics Assignment #7,2025-12-04,20,SCH-001
ASG-0323,CLS-10B,SUB-PHY,TCH-002,Physics Assignment #8,2025-12-22,20,SCH-001
ASG-0324,CLS-10B,SUB-PHY,TCH-002,Physics Assignment #9,2026-01-06,20,SCH-001
ASG-0325,CLS-10B,SUB-PHY,TCH-002,Physics Assignment #10,2026-01-21,20,SCH-001
ASG-0326,CLS-10B,SUB-PHY,TCH-002,Physics Assignment #11,2026-02-06,20,SCH-001
ASG-0327,CLS-10B,SUB-PHY,TCH-002,Physics Assignment #12,2026-02-23,20,SCH-001
ASG-0328,CLS-10B,SUB-PHY,TCH-002,Physics Assignment #13,2026-03-11,20,SCH-001
ASG-0329,CLS-10B,SUB-PHY,TCH-002,Physics Assignment #14,2026-03-26,20,SCH-001
ASG-0330,CLS-10B,SUB-PHY,TCH-002,Physics Assignment #15,2026-04-13,20,SCH-001
ASG-0331,CLS-10B,SUB-CHEM,TCH-003,Chemistry Assignment #1,2025-09-01,20,SCH-001
ASG-0332,CLS-10B,SUB-CHEM,TCH-003,Chemistry Assignment #2,2025-09-16,20,SCH-001
ASG-0333,CLS-10B,SUB-CHEM,TCH-003,Chemistry Assignment #3,2025-10-01,20,SCH-001
ASG-0334,CLS-10B,SUB-CHEM,TCH-003,Chemistry Assignment #4,2025-10-17,20,SCH-001
ASG-0335,CLS-10B,SUB-CHEM,TCH-003,Chemistry Assignment #5,2025-11-03,20,SCH-001
ASG-0336,CLS-10B,SUB-CHEM,TCH-003,Chemistry Assignment #6,2025-11-19,20,SCH-001
ASG-0337,CLS-10B,SUB-CHEM,TCH-003,Chemistry Assignment #7,2025-12-04,20,SCH-001
ASG-0338,CLS-10B,SUB-CHEM,TCH-003,Chemistry Assignment #8,2025-12-22,20,SCH-001
ASG-0339,CLS-10B,SUB-CHEM,TCH-003,Chemistry Assignment #9,2026-01-06,20,SCH-001
ASG-0340,CLS-10B,SUB-CHEM,TCH-003,Chemistry Assignment #10,2026-01-21,20,SCH-001
ASG-0341,CLS-10B,SUB-CHEM,TCH-003,Chemistry Assignment #11,2026-02-06,20,SCH-001
ASG-0342,CLS-10B,SUB-CHEM,TCH-003,Chemistry Assignment #12,2026-02-23,20,SCH-001
ASG-0343,CLS-10B,SUB-CHEM,TCH-003,Chemistry Assignment #13,2026-03-11,20,SCH-001
ASG-0344,CLS-10B,SUB-CHEM,TCH-003,Chemistry Assignment #14,2026-03-26,20,SCH-001
ASG-0345,CLS-10B,SUB-CHEM,TCH-003,Chemistry Assignment #15,2026-04-13,20,SCH-001
ASG-0346,CLS-10B,SUB-ENG,TCH-004,English Assignment #1,2025-09-01,20,SCH-001
ASG-0347,CLS-10B,SUB-ENG,TCH-004,English Assignment #2,2025-09-16,20,SCH-001
ASG-0348,CLS-10B,SUB-ENG,TCH-004,English Assignment #3,2025-10-01,20,SCH-001
ASG-0349,CLS-10B,SUB-ENG,TCH-004,English Assignment #4,2025-10-17,20,SCH-001
ASG-0350,CLS-10B,SUB-ENG,TCH-004,English Assignment #5,2025-11-03,20,SCH-001
ASG-0351,CLS-10B,SUB-ENG,TCH-004,English Assignment #6,2025-11-19,20,SCH-001
ASG-0352,CLS-10B,SUB-ENG,TCH-004,English Assignment #7,2025-12-04,20,SCH-001
ASG-0353,CLS-10B,SUB-ENG,TCH-004,English Assignment #8,2025-12-22,20,SCH-001
ASG-0354,CLS-10B,SUB-ENG,TCH-004,English Assignment #9,2026-01-06,20,SCH-001
ASG-0355,CLS-10B,SUB-ENG,TCH-004,English Assignment #10,2026-01-21,20,SCH-001
ASG-0356,CLS-10B,SUB-ENG,TCH-004,English Assignment #11,2026-02-06,20,SCH-001
ASG-0357,CLS-10B,SUB-ENG,TCH-004,English Assignment #12,2026-02-23,20,SCH-001
ASG-0358,CLS-10B,SUB-ENG,TCH-004,English Assignment #13,2026-03-11,20,SCH-001
ASG-0359,CLS-10B,SUB-ENG,TCH-004,English Assignment #14,2026-03-26,20,SCH-001
ASG-0360,CLS-10B,SUB-ENG,TCH-004,English Assignment #15,2026-04-13,20,SCH-001
ASG-0361,CLS-10B,SUB-HIST,TCH-005,History Assignment #1,2025-09-01,20,SCH-001
ASG-0362,CLS-10B,SUB-HIST,TCH-005,History Assignment #2,2025-09-16,20,SCH-001
ASG-0363,CLS-10B,SUB-HIST,TCH-005,History Assignment #3,2025-10-01,20,SCH-001
ASG-0364,CLS-10B,SUB-HIST,TCH-005,History Assignment #4,2025-10-17,20,SCH-001
ASG-0365,CLS-10B,SUB-HIST,TCH-005,History Assignment #5,2025-11-03,20,SCH-001
ASG-0366,CLS-10B,SUB-HIST,TCH-005,History Assignment #6,2025-11-19,20,SCH-001
ASG-0367,CLS-10B,SUB-HIST,TCH-005,History Assignment #7,2025-12-04,20,SCH-001
ASG-0368,CLS-10B,SUB-HIST,TCH-005,History Assignment #8,2025-12-22,20,SCH-001
ASG-0369,CLS-10B,SUB-HIST,TCH-005,History Assignment #9,2026-01-06,20,SCH-001
ASG-0370,CLS-10B,SUB-HIST,TCH-005,History Assignment #10,2026-01-21,20,SCH-001
ASG-0371,CLS-10B,SUB-HIST,TCH-005,History Assignment #11,2026-02-06,20,SCH-001
ASG-0372,CLS-10B,SUB-HIST,TCH-005,History Assignment #12,2026-02-23,20,SCH-001
ASG-0373,CLS-10B,SUB-HIST,TCH-005,History Assignment #13,2026-03-11,20,SCH-001
ASG-0374,CLS-10B,SUB-HIST,TCH-005,History Assignment #14,2026-03-26,20,SCH-001
ASG-0375,CLS-10B,SUB-HIST,TCH-005,History Assignment #15,2026-04-13,20,SCH-001
ASG-0376,CLS-10C,SUB-MATH,TCH-001,Mathematics Assignment #1,2025-09-01,20,SCH-001
ASG-0377,CLS-10C,SUB-MATH,TCH-001,Mathematics Assignment #2,2025-09-16,20,SCH-001
ASG-0378,CLS-10C,SUB-MATH,TCH-001,Mathematics Assignment #3,2025-10-01,20,SCH-001
ASG-0379,CLS-10C,SUB-MATH,TCH-001,Mathematics Assignment #4,2025-10-17,20,SCH-001
ASG-0380,CLS-10C,SUB-MATH,TCH-001,Mathematics Assignment #5,2025-11-03,20,SCH-001
ASG-0381,CLS-10C,SUB-MATH,TCH-001,Mathematics Assignment #6,2025-11-19,20,SCH-001
ASG-0382,CLS-10C,SUB-MATH,TCH-001,Mathematics Assignment #7,2025-12-04,20,SCH-001
ASG-0383,CLS-10C,SUB-MATH,TCH-001,Mathematics Assignment #8,2025-12-22,20,SCH-001
ASG-0384,CLS-10C,SUB-MATH,TCH-001,Mathematics Assignment #9,2026-01-06,20,SCH-001
ASG-0385,CLS-10C,SUB-MATH,TCH-001,Mathematics Assignment #10,2026-01-21,20,SCH-001
ASG-0386,CLS-10C,SUB-MATH,TCH-001,Mathematics Assignment #11,2026-02-06,20,SCH-001
ASG-0387,CLS-10C,SUB-MATH,TCH-001,Mathematics Assignment #12,2026-02-23,20,SCH-001
ASG-0388,CLS-10C,SUB-MATH,TCH-001,Mathematics Assignment #13,2026-03-11,20,SCH-001
ASG-0389,CLS-10C,SUB-MATH,TCH-001,Mathematics Assignment #14,2026-03-26,20,SCH-001
ASG-0390,CLS-10C,SUB-MATH,TCH-001,Mathematics Assignment #15,2026-04-13,20,SCH-001
ASG-0391,CLS-10C,SUB-PHY,TCH-002,Physics Assignment #1,2025-09-01,20,SCH-001
ASG-0392,CLS-10C,SUB-PHY,TCH-002,Physics Assignment #2,2025-09-16,20,SCH-001
ASG-0393,CLS-10C,SUB-PHY,TCH-002,Physics Assignment #3,2025-10-01,20,SCH-001
ASG-0394,CLS-10C,SUB-PHY,TCH-002,Physics Assignment #4,2025-10-17,20,SCH-001
ASG-0395,CLS-10C,SUB-PHY,TCH-002,Physics Assignment #5,2025-11-03,20,SCH-001
ASG-0396,CLS-10C,SUB-PHY,TCH-002,Physics Assignment #6,2025-11-19,20,SCH-001
ASG-0397,CLS-10C,SUB-PHY,TCH-002,Physics Assignment #7,2025-12-04,20,SCH-001
ASG-0398,CLS-10C,SUB-PHY,TCH-002,Physics Assignment #8,2025-12-22,20,SCH-001
ASG-0399,CLS-10C,SUB-PHY,TCH-002,Physics Assignment #9,2026-01-06,20,SCH-001
ASG-0400,CLS-10C,SUB-PHY,TCH-002,Physics Assignment #10,2026-01-21,20,SCH-001
ASG-0401,CLS-10C,SUB-PHY,TCH-002,Physics Assignment #11,2026-02-06,20,SCH-001
ASG-0402,CLS-10C,SUB-PHY,TCH-002,Physics Assignment #12,2026-02-23,20,SCH-001
ASG-0403,CLS-10C,SUB-PHY,TCH-002,Physics Assignment #13,2026-03-11,20,SCH-001
ASG-0404,CLS-10C,SUB-PHY,TCH-002,Physics Assignment #14,2026-03-26,20,SCH-001
ASG-0405,CLS-10C,SUB-PHY,TCH-002,Physics Assignment #15,2026-04-13,20,SCH-001
ASG-0406,CLS-10C,SUB-CHEM,TCH-003,Chemistry Assignment #1,2025-09-01,20,SCH-001
ASG-0407,CLS-10C,SUB-CHEM,TCH-003,Chemistry Assignment #2,2025-09-16,20,SCH-001
ASG-0408,CLS-10C,SUB-CHEM,TCH-003,Chemistry Assignment #3,2025-10-01,20,SCH-001
ASG-0409,CLS-10C,SUB-CHEM,TCH-003,Chemistry Assignment #4,2025-10-17,20,SCH-001
ASG-0410,CLS-10C,SUB-CHEM,TCH-003,Chemistry Assignment #5,2025-11-03,20,SCH-001
ASG-0411,CLS-10C,SUB-CHEM,TCH-003,Chemistry Assignment #6,2025-11-19,20,SCH-001
ASG-0412,CLS-10C,SUB-CHEM,TCH-003,Chemistry Assignment #7,2025-12-04,20,SCH-001
ASG-0413,CLS-10C,SUB-CHEM,TCH-003,Chemistry Assignment #8,2025-12-22,20,SCH-001
ASG-0414,CLS-10C,SUB-CHEM,TCH-003,Chemistry Assignment #9,2026-01-06,20,SCH-001
ASG-0415,CLS-10C,SUB-CHEM,TCH-003,Chemistry Assignment #10,2026-01-21,20,SCH-001
ASG-0416,CLS-10C,SUB-CHEM,TCH-003,Chemistry Assignment #11,2026-02-06,20,SCH-001
ASG-0417,CLS-10C,SUB-CHEM,TCH-003,Chemistry Assignment #12,2026-02-23,20,SCH-001
ASG-0418,CLS-10C,SUB-CHEM,TCH-003,Chemistry Assignment #13,2026-03-11,20,SCH-001
ASG-0419,CLS-10C,SUB-CHEM,TCH-003,Chemistry Assignment #14,2026-03-26,20,SCH-001
ASG-0420,CLS-10C,SUB-CHEM,TCH-003,Chemistry Assignment #15,2026-04-13,20,SCH-001
ASG-0421,CLS-10C,SUB-ENG,TCH-004,English Assignment #1,2025-09-01,20,SCH-001
ASG-0422,CLS-10C,SUB-ENG,TCH-004,English Assignment #2,2025-09-16,20,SCH-001
ASG-0423,CLS-10C,SUB-ENG,TCH-004,English Assignment #3,2025-10-01,20,SCH-001
ASG-0424,CLS-10C,SUB-ENG,TCH-004,English Assignment #4,2025-10-17,20,SCH-001
ASG-0425,CLS-10C,SUB-ENG,TCH-004,English Assignment #5,2025-11-03,20,SCH-001
ASG-0426,CLS-10C,SUB-ENG,TCH-004,English Assignment #6,2025-11-19,20,SCH-001
ASG-0427,CLS-10C,SUB-ENG,TCH-004,English Assignment #7,2025-12-04,20,SCH-001
ASG-0428,CLS-10C,SUB-ENG,TCH-004,English Assignment #8,2025-12-22,20,SCH-001
ASG-0429,CLS-10C,SUB-ENG,TCH-004,English Assignment #9,2026-01-06,20,SCH-001
ASG-0430,CLS-10C,SUB-ENG,TCH-004,English Assignment #10,2026-01-21,20,SCH-001
ASG-0431,CLS-10C,SUB-ENG,TCH-004,English Assignment #11,2026-02-06,20,SCH-001
ASG-0432,CLS-10C,SUB-ENG,TCH-004,English Assignment #12,2026-02-23,20,SCH-001
ASG-0433,CLS-10C,SUB-ENG,TCH-004,English Assignment #13,2026-03-11,20,SCH-001
ASG-0434,CLS-10C,SUB-ENG,TCH-004,English Assignment #14,2026-03-26,20,SCH-001
ASG-0435,CLS-10C,SUB-ENG,TCH-004,English Assignment #15,2026-04-13,20,SCH-001
ASG-0436,CLS-10C,SUB-HIST,TCH-005,History Assignment #1,2025-09-01,20,SCH-001
ASG-0437,CLS-10C,SUB-HIST,TCH-005,History Assignment #2,2025-09-16,20,SCH-001
ASG-0438,CLS-10C,SUB-HIST,TCH-005,History Assignment #3,2025-10-01,20,SCH-001
ASG-0439,CLS-10C,SUB-HIST,TCH-005,History Assignment #4,2025-10-17,20,SCH-001
ASG-0440,CLS-10C,SUB-HIST,TCH-005,History Assignment #5,2025-11-03,20,SCH-001
ASG-0441,CLS-10C,SUB-HIST,TCH-005,History Assignment #6,2025-11-19,20,SCH-001
ASG-0442,CLS-10C,SUB-HIST,TCH-005,History Assignment #7,2025-12-04,20,SCH-001
ASG-0443,CLS-10C,SUB-HIST,TCH-005,History Assignment #8,2025-12-22,20,SCH-001
ASG-0444,CLS-10C,SUB-HIST,TCH-005,History Assignment #9,2026-01-06,20,SCH-001
ASG-0445,CLS-10C,SUB-HIST,TCH-005,History Assignment #10,2026-01-21,20,SCH-001
ASG-0446,CLS-10C,SUB-HIST,TCH-005,History Assignment #11,2026-02-06,20,SCH-001
ASG-0447,CLS-10C,SUB-HIST,TCH-005,History Assignment #12,2026-02-23,20,SCH-001
ASG-0448,CLS-10C,SUB-HIST,TCH-005,History Assignment #13,2026-03-11,20,SCH-001
ASG-0449,CLS-10C,SUB-HIST,TCH-005,History Assignment #14,2026-03-26,20,SCH-001
ASG-0450,CLS-10C,SUB-HIST,TCH-005,History Assignment #15,2026-04-13,20,SCH-001
ASG-0451,CLS-11A,SUB-MATH,TCH-001,Mathematics Assignment #1,2025-09-01,20,SCH-001
ASG-0452,CLS-11A,SUB-MATH,TCH-001,Mathematics Assignment #2,2025-09-16,20,SCH-001
ASG-0453,CLS-11A,SUB-MATH,TCH-001,Mathematics Assignment #3,2025-10-01,20,SCH-001
ASG-0454,CLS-11A,SUB-MATH,TCH-001,Mathematics Assignment #4,2025-10-17,20,SCH-001
ASG-0455,CLS-11A,SUB-MATH,TCH-001,Mathematics Assignment #5,2025-11-03,20,SCH-001
ASG-0456,CLS-11A,SUB-MATH,TCH-001,Mathematics Assignment #6,2025-11-19,20,SCH-001
ASG-0457,CLS-11A,SUB-MATH,TCH-001,Mathematics Assignment #7,2025-12-04,20,SCH-001
ASG-0458,CLS-11A,SUB-MATH,TCH-001,Mathematics Assignment #8,2025-12-22,20,SCH-001
ASG-0459,CLS-11A,SUB-MATH,TCH-001,Mathematics Assignment #9,2026-01-06,20,SCH-001
ASG-0460,CLS-11A,SUB-MATH,TCH-001,Mathematics Assignment #10,2026-01-21,20,SCH-001
ASG-0461,CLS-11A,SUB-MATH,TCH-001,Mathematics Assignment #11,2026-02-06,20,SCH-001
ASG-0462,CLS-11A,SUB-MATH,TCH-001,Mathematics Assignment #12,2026-02-23,20,SCH-001
ASG-0463,CLS-11A,SUB-MATH,TCH-001,Mathematics Assignment #13,2026-03-11,20,SCH-001
ASG-0464,CLS-11A,SUB-MATH,TCH-001,Mathematics Assignment #14,2026-03-26,20,SCH-001
ASG-0465,CLS-11A,SUB-MATH,TCH-001,Mathematics Assignment #15,2026-04-13,20,SCH-001
ASG-0466,CLS-11A,SUB-PHY,TCH-002,Physics Assignment #1,2025-09-01,20,SCH-001
ASG-0467,CLS-11A,SUB-PHY,TCH-002,Physics Assignment #2,2025-09-16,20,SCH-001
ASG-0468,CLS-11A,SUB-PHY,TCH-002,Physics Assignment #3,2025-10-01,20,SCH-001
ASG-0469,CLS-11A,SUB-PHY,TCH-002,Physics Assignment #4,2025-10-17,20,SCH-001
ASG-0470,CLS-11A,SUB-PHY,TCH-002,Physics Assignment #5,2025-11-03,20,SCH-001
ASG-0471,CLS-11A,SUB-PHY,TCH-002,Physics Assignment #6,2025-11-19,20,SCH-001
ASG-0472,CLS-11A,SUB-PHY,TCH-002,Physics Assignment #7,2025-12-04,20,SCH-001
ASG-0473,CLS-11A,SUB-PHY,TCH-002,Physics Assignment #8,2025-12-22,20,SCH-001
ASG-0474,CLS-11A,SUB-PHY,TCH-002,Physics Assignment #9,2026-01-06,20,SCH-001
ASG-0475,CLS-11A,SUB-PHY,TCH-002,Physics Assignment #10,2026-01-21,20,SCH-001
ASG-0476,CLS-11A,SUB-PHY,TCH-002,Physics Assignment #11,2026-02-06,20,SCH-001
ASG-0477,CLS-11A,SUB-PHY,TCH-002,Physics Assignment #12,2026-02-23,20,SCH-001
ASG-0478,CLS-11A,SUB-PHY,TCH-002,Physics Assignment #13,2026-03-11,20,SCH-001
ASG-0479,CLS-11A,SUB-PHY,TCH-002,Physics Assignment #14,2026-03-26,20,SCH-001
ASG-0480,CLS-11A,SUB-PHY,TCH-002,Physics Assignment #15,2026-04-13,20,SCH-001
ASG-0481,CLS-11A,SUB-CHEM,TCH-003,Chemistry Assignment #1,2025-09-01,20,SCH-001
ASG-0482,CLS-11A,SUB-CHEM,TCH-003,Chemistry Assignment #2,2025-09-16,20,SCH-001
ASG-0483,CLS-11A,SUB-CHEM,TCH-003,Chemistry Assignment #3,2025-10-01,20,SCH-001
ASG-0484,CLS-11A,SUB-CHEM,TCH-003,Chemistry Assignment #4,2025-10-17,20,SCH-001
ASG-0485,CLS-11A,SUB-CHEM,TCH-003,Chemistry Assignment #5,2025-11-03,20,SCH-001
ASG-0486,CLS-11A,SUB-CHEM,TCH-003,Chemistry Assignment #6,2025-11-19,20,SCH-001
ASG-0487,CLS-11A,SUB-CHEM,TCH-003,Chemistry Assignment #7,2025-12-04,20,SCH-001
ASG-0488,CLS-11A,SUB-CHEM,TCH-003,Chemistry Assignment #8,2025-12-22,20,SCH-001
ASG-0489,CLS-11A,SUB-CHEM,TCH-003,Chemistry Assignment #9,2026-01-06,20,SCH-001
ASG-0490,CLS-11A,SUB-CHEM,TCH-003,Chemistry Assignment #10,2026-01-21,20,SCH-001
ASG-0491,CLS-11A,SUB-CHEM,TCH-003,Chemistry Assignment #11,2026-02-06,20,SCH-001
ASG-0492,CLS-11A,SUB-CHEM,TCH-003,Chemistry Assignment #12,2026-02-23,20,SCH-001
ASG-0493,CLS-11A,SUB-CHEM,TCH-003,Chemistry Assignment #13,2026-03-11,20,SCH-001
ASG-0494,CLS-11A,SUB-CHEM,TCH-003,Chemistry Assignment #14,2026-03-26,20,SCH-001
ASG-0495,CLS-11A,SUB-CHEM,TCH-003,Chemistry Assignment #15,2026-04-13,20,SCH-001
ASG-0496,CLS-11A,SUB-ENG,TCH-004,English Assignment #1,2025-09-01,20,SCH-001
ASG-0497,CLS-11A,SUB-ENG,TCH-004,English Assignment #2,2025-09-16,20,SCH-001
ASG-0498,CLS-11A,SUB-ENG,TCH-004,English Assignment #3,2025-10-01,20,SCH-001
ASG-0499,CLS-11A,SUB-ENG,TCH-004,English Assignment #4,2025-10-17,20,SCH-001
ASG-0500,CLS-11A,SUB-ENG,TCH-004,English Assignment #5,2025-11-03,20,SCH-001
ASG-0501,CLS-11A,SUB-ENG,TCH-004,English Assignment #6,2025-11-19,20,SCH-001
ASG-0502,CLS-11A,SUB-ENG,TCH-004,English Assignment #7,2025-12-04,20,SCH-001
ASG-0503,CLS-11A,SUB-ENG,TCH-004,English Assignment #8,2025-12-22,20,SCH-001
ASG-0504,CLS-11A,SUB-ENG,TCH-004,English Assignment #9,2026-01-06,20,SCH-001
ASG-0505,CLS-11A,SUB-ENG,TCH-004,English Assignment #10,2026-01-21,20,SCH-001
ASG-0506,CLS-11A,SUB-ENG,TCH-004,English Assignment #11,2026-02-06,20,SCH-001
ASG-0507,CLS-11A,SUB-ENG,TCH-004,English Assignment #12,2026-02-23,20,SCH-001
ASG-0508,CLS-11A,SUB-ENG,TCH-004,English Assignment #13,2026-03-11,20,SCH-001
ASG-0509,CLS-11A,SUB-ENG,TCH-004,English Assignment #14,2026-03-26,20,SCH-001
ASG-0510,CLS-11A,SUB-ENG,TCH-004,English Assignment #15,2026-04-13,20,SCH-001
ASG-0511,CLS-11A,SUB-HIST,TCH-005,History Assignment #1,2025-09-01,20,SCH-001
ASG-0512,CLS-11A,SUB-HIST,TCH-005,History Assignment #2,2025-09-16,20,SCH-001
ASG-0513,CLS-11A,SUB-HIST,TCH-005,History Assignment #3,2025-10-01,20,SCH-001
ASG-0514,CLS-11A,SUB-HIST,TCH-005,History Assignment #4,2025-10-17,20,SCH-001
ASG-0515,CLS-11A,SUB-HIST,TCH-005,History Assignment #5,2025-11-03,20,SCH-001
ASG-0516,CLS-11A,SUB-HIST,TCH-005,History Assignment #6,2025-11-19,20,SCH-001
ASG-0517,CLS-11A,SUB-HIST,TCH-005,History Assignment #7,2025-12-04,20,SCH-001
ASG-0518,CLS-11A,SUB-HIST,TCH-005,History Assignment #8,2025-12-22,20,SCH-001
ASG-0519,CLS-11A,SUB-HIST,TCH-005,History Assignment #9,2026-01-06,20,SCH-001
ASG-0520,CLS-11A,SUB-HIST,TCH-005,History Assignment #10,2026-01-21,20,SCH-001
ASG-0521,CLS-11A,SUB-HIST,TCH-005,History Assignment #11,2026-02-06,20,SCH-001
ASG-0522,CLS-11A,SUB-HIST,TCH-005,History Assignment #12,2026-02-23,20,SCH-001
ASG-0523,CLS-11A,SUB-HIST,TCH-005,History Assignment #13,2026-03-11,20,SCH-001
ASG-0524,CLS-11A,SUB-HIST,TCH-005,History Assignment #14,2026-03-26,20,SCH-001
ASG-0525,CLS-11A,SUB-HIST,TCH-005,History Assignment #15,2026-04-13,20,SCH-001
ASG-0526,CLS-11B,SUB-MATH,TCH-001,Mathematics Assignment #1,2025-09-01,20,SCH-001
ASG-0527,CLS-11B,SUB-MATH,TCH-001,Mathematics Assignment #2,2025-09-16,20,SCH-001
ASG-0528,CLS-11B,SUB-MATH,TCH-001,Mathematics Assignment #3,2025-10-01,20,SCH-001
ASG-0529,CLS-11B,SUB-MATH,TCH-001,Mathematics Assignment #4,2025-10-17,20,SCH-001
ASG-0530,CLS-11B,SUB-MATH,TCH-001,Mathematics Assignment #5,2025-11-03,20,SCH-001
ASG-0531,CLS-11B,SUB-MATH,TCH-001,Mathematics Assignment #6,2025-11-19,20,SCH-001
ASG-0532,CLS-11B,SUB-MATH,TCH-001,Mathematics Assignment #7,2025-12-04,20,SCH-001
ASG-0533,CLS-11B,SUB-MATH,TCH-001,Mathematics Assignment #8,2025-12-22,20,SCH-001
ASG-0534,CLS-11B,SUB-MATH,TCH-001,Mathematics Assignment #9,2026-01-06,20,SCH-001
ASG-0535,CLS-11B,SUB-MATH,TCH-001,Mathematics Assignment #10,2026-01-21,20,SCH-001
ASG-0536,CLS-11B,SUB-MATH,TCH-001,Mathematics Assignment #11,2026-02-06,20,SCH-001
ASG-0537,CLS-11B,SUB-MATH,TCH-001,Mathematics Assignment #12,2026-02-23,20,SCH-001
ASG-0538,CLS-11B,SUB-MATH,TCH-001,Mathematics Assignment #13,2026-03-11,20,SCH-001
ASG-0539,CLS-11B,SUB-MATH,TCH-001,Mathematics Assignment #14,2026-03-26,20,SCH-001
ASG-0540,CLS-11B,SUB-MATH,TCH-001,Mathematics Assignment #15,2026-04-13,20,SCH-001
ASG-0541,CLS-11B,SUB-PHY,TCH-002,Physics Assignment #1,2025-09-01,20,SCH-001
ASG-0542,CLS-11B,SUB-PHY,TCH-002,Physics Assignment #2,2025-09-16,20,SCH-001
ASG-0543,CLS-11B,SUB-PHY,TCH-002,Physics Assignment #3,2025-10-01,20,SCH-001
ASG-0544,CLS-11B,SUB-PHY,TCH-002,Physics Assignment #4,2025-10-17,20,SCH-001
ASG-0545,CLS-11B,SUB-PHY,TCH-002,Physics Assignment #5,2025-11-03,20,SCH-001
ASG-0546,CLS-11B,SUB-PHY,TCH-002,Physics Assignment #6,2025-11-19,20,SCH-001
ASG-0547,CLS-11B,SUB-PHY,TCH-002,Physics Assignment #7,2025-12-04,20,SCH-001
ASG-0548,CLS-11B,SUB-PHY,TCH-002,Physics Assignment #8,2025-12-22,20,SCH-001
ASG-0549,CLS-11B,SUB-PHY,TCH-002,Physics Assignment #9,2026-01-06,20,SCH-001
ASG-0550,CLS-11B,SUB-PHY,TCH-002,Physics Assignment #10,2026-01-21,20,SCH-001
ASG-0551,CLS-11B,SUB-PHY,TCH-002,Physics Assignment #11,2026-02-06,20,SCH-001
ASG-0552,CLS-11B,SUB-PHY,TCH-002,Physics Assignment #12,2026-02-23,20,SCH-001
ASG-0553,CLS-11B,SUB-PHY,TCH-002,Physics Assignment #13,2026-03-11,20,SCH-001
ASG-0554,CLS-11B,SUB-PHY,TCH-002,Physics Assignment #14,2026-03-26,20,SCH-001
ASG-0555,CLS-11B,SUB-PHY,TCH-002,Physics Assignment #15,2026-04-13,20,SCH-001
ASG-0556,CLS-11B,SUB-CHEM,TCH-003,Chemistry Assignment #1,2025-09-01,20,SCH-001
ASG-0557,CLS-11B,SUB-CHEM,TCH-003,Chemistry Assignment #2,2025-09-16,20,SCH-001
ASG-0558,CLS-11B,SUB-CHEM,TCH-003,Chemistry Assignment #3,2025-10-01,20,SCH-001
ASG-0559,CLS-11B,SUB-CHEM,TCH-003,Chemistry Assignment #4,2025-10-17,20,SCH-001
ASG-0560,CLS-11B,SUB-CHEM,TCH-003,Chemistry Assignment #5,2025-11-03,20,SCH-001
ASG-0561,CLS-11B,SUB-CHEM,TCH-003,Chemistry Assignment #6,2025-11-19,20,SCH-001
ASG-0562,CLS-11B,SUB-CHEM,TCH-003,Chemistry Assignment #7,2025-12-04,20,SCH-001
ASG-0563,CLS-11B,SUB-CHEM,TCH-003,Chemistry Assignment #8,2025-12-22,20,SCH-001
ASG-0564,CLS-11B,SUB-CHEM,TCH-003,Chemistry Assignment #9,2026-01-06,20,SCH-001
ASG-0565,CLS-11B,SUB-CHEM,TCH-003,Chemistry Assignment #10,2026-01-21,20,SCH-001
ASG-0566,CLS-11B,SUB-CHEM,TCH-003,Chemistry Assignment #11,2026-02-06,20,SCH-001
ASG-0567,CLS-11B,SUB-CHEM,TCH-003,Chemistry Assignment #12,2026-02-23,20,SCH-001
ASG-0568,CLS-11B,SUB-CHEM,TCH-003,Chemistry Assignment #13,2026-03-11,20,SCH-001
ASG-0569,CLS-11B,SUB-CHEM,TCH-003,Chemistry Assignment #14,2026-03-26,20,SCH-001
ASG-0570,CLS-11B,SUB-CHEM,TCH-003,Chemistry Assignment #15,2026-04-13,20,SCH-001
ASG-0571,CLS-11B,SUB-ENG,TCH-004,English Assignment #1,2025-09-01,20,SCH-001
ASG-0572,CLS-11B,SUB-ENG,TCH-004,English Assignment #2,2025-09-16,20,SCH-001
ASG-0573,CLS-11B,SUB-ENG,TCH-004,English Assignment #3,2025-10-01,20,SCH-001
ASG-0574,CLS-11B,SUB-ENG,TCH-004,English Assignment #4,2025-10-17,20,SCH-001
ASG-0575,CLS-11B,SUB-ENG,TCH-004,English Assignment #5,2025-11-03,20,SCH-001
ASG-0576,CLS-11B,SUB-ENG,TCH-004,English Assignment #6,2025-11-19,20,SCH-001
ASG-0577,CLS-11B,SUB-ENG,TCH-004,English Assignment #7,2025-12-04,20,SCH-001
ASG-0578,CLS-11B,SUB-ENG,TCH-004,English Assignment #8,2025-12-22,20,SCH-001
ASG-0579,CLS-11B,SUB-ENG,TCH-004,English Assignment #9,2026-01-06,20,SCH-001
ASG-0580,CLS-11B,SUB-ENG,TCH-004,English Assignment #10,2026-01-21,20,SCH-001
ASG-0581,CLS-11B,SUB-ENG,TCH-004,English Assignment #11,2026-02-06,20,SCH-001
ASG-0582,CLS-11B,SUB-ENG,TCH-004,English Assignment #12,2026-02-23,20,SCH-001
ASG-0583,CLS-11B,SUB-ENG,TCH-004,English Assignment #13,2026-03-11,20,SCH-001
ASG-0584,CLS-11B,SUB-ENG,TCH-004,English Assignment #14,2026-03-26,20,SCH-001
ASG-0585,CLS-11B,SUB-ENG,TCH-004,English Assignment #15,2026-04-13,20,SCH-001
ASG-0586,CLS-11B,SUB-HIST,TCH-005,History Assignment #1,2025-09-01,20,SCH-001
ASG-0587,CLS-11B,SUB-HIST,TCH-005,History Assignment #2,2025-09-16,20,SCH-001
ASG-0588,CLS-11B,SUB-HIST,TCH-005,History Assignment #3,2025-10-01,20,SCH-001
ASG-0589,CLS-11B,SUB-HIST,TCH-005,History Assignment #4,2025-10-17,20,SCH-001
ASG-0590,CLS-11B,SUB-HIST,TCH-005,History Assignment #5,2025-11-03,20,SCH-001
ASG-0591,CLS-11B,SUB-HIST,TCH-005,History Assignment #6,2025-11-19,20,SCH-001
ASG-0592,CLS-11B,SUB-HIST,TCH-005,History Assignment #7,2025-12-04,20,SCH-001
ASG-0593,CLS-11B,SUB-HIST,TCH-005,History Assignment #8,2025-12-22,20,SCH-001
ASG-0594,CLS-11B,SUB-HIST,TCH-005,History Assignment #9,2026-01-06,20,SCH-001
ASG-0595,CLS-11B,SUB-HIST,TCH-005,History Assignment #10,2026-01-21,20,SCH-001
ASG-0596,CLS-11B,SUB-HIST,TCH-005,History Assignment #11,2026-02-06,20,SCH-001
ASG-0597,CLS-11B,SUB-HIST,TCH-005,History Assignment #12,2026-02-23,20,SCH-001
ASG-0598,CLS-11B,SUB-HIST,TCH-005,History Assignment #13,2026-03-11,20,SCH-001
ASG-0599,CLS-11B,SUB-HIST,TCH-005,History Assignment #14,2026-03-26,20,SCH-001
ASG-0600,CLS-11B,SUB-HIST,TCH-005,History Assignment #15,2026-04-13,20,SCH-001
ASG-0601,CLS-11C,SUB-MATH,TCH-001,Mathematics Assignment #1,2025-09-01,20,SCH-001
ASG-0602,CLS-11C,SUB-MATH,TCH-001,Mathematics Assignment #2,2025-09-16,20,SCH-001
ASG-0603,CLS-11C,SUB-MATH,TCH-001,Mathematics Assignment #3,2025-10-01,20,SCH-001
ASG-0604,CLS-11C,SUB-MATH,TCH-001,Mathematics Assignment #4,2025-10-17,20,SCH-001
ASG-0605,CLS-11C,SUB-MATH,TCH-001,Mathematics Assignment #5,2025-11-03,20,SCH-001
ASG-0606,CLS-11C,SUB-MATH,TCH-001,Mathematics Assignment #6,2025-11-19,20,SCH-001
ASG-0607,CLS-11C,SUB-MATH,TCH-001,Mathematics Assignment #7,2025-12-04,20,SCH-001
ASG-0608,CLS-11C,SUB-MATH,TCH-001,Mathematics Assignment #8,2025-12-22,20,SCH-001
ASG-0609,CLS-11C,SUB-MATH,TCH-001,Mathematics Assignment #9,2026-01-06,20,SCH-001
ASG-0610,CLS-11C,SUB-MATH,TCH-001,Mathematics Assignment #10,2026-01-21,20,SCH-001
ASG-0611,CLS-11C,SUB-MATH,TCH-001,Mathematics Assignment #11,2026-02-06,20,SCH-001
ASG-0612,CLS-11C,SUB-MATH,TCH-001,Mathematics Assignment #12,2026-02-23,20,SCH-001
ASG-0613,CLS-11C,SUB-MATH,TCH-001,Mathematics Assignment #13,2026-03-11,20,SCH-001
ASG-0614,CLS-11C,SUB-MATH,TCH-001,Mathematics Assignment #14,2026-03-26,20,SCH-001
ASG-0615,CLS-11C,SUB-MATH,TCH-001,Mathematics Assignment #15,2026-04-13,20,SCH-001
ASG-0616,CLS-11C,SUB-PHY,TCH-002,Physics Assignment #1,2025-09-01,20,SCH-001
ASG-0617,CLS-11C,SUB-PHY,TCH-002,Physics Assignment #2,2025-09-16,20,SCH-001
ASG-0618,CLS-11C,SUB-PHY,TCH-002,Physics Assignment #3,2025-10-01,20,SCH-001
ASG-0619,CLS-11C,SUB-PHY,TCH-002,Physics Assignment #4,2025-10-17,20,SCH-001
ASG-0620,CLS-11C,SUB-PHY,TCH-002,Physics Assignment #5,2025-11-03,20,SCH-001
ASG-0621,CLS-11C,SUB-PHY,TCH-002,Physics Assignment #6,2025-11-19,20,SCH-001
ASG-0622,CLS-11C,SUB-PHY,TCH-002,Physics Assignment #7,2025-12-04,20,SCH-001
ASG-0623,CLS-11C,SUB-PHY,TCH-002,Physics Assignment #8,2025-12-22,20,SCH-001
ASG-0624,CLS-11C,SUB-PHY,TCH-002,Physics Assignment #9,2026-01-06,20,SCH-001
ASG-0625,CLS-11C,SUB-PHY,TCH-002,Physics Assignment #10,2026-01-21,20,SCH-001
ASG-0626,CLS-11C,SUB-PHY,TCH-002,Physics Assignment #11,2026-02-06,20,SCH-001
ASG-0627,CLS-11C,SUB-PHY,TCH-002,Physics Assignment #12,2026-02-23,20,SCH-001
ASG-0628,CLS-11C,SUB-PHY,TCH-002,Physics Assignment #13,2026-03-11,20,SCH-001
ASG-0629,CLS-11C,SUB-PHY,TCH-002,Physics Assignment #14,2026-03-26,20,SCH-001
ASG-0630,CLS-11C,SUB-PHY,TCH-002,Physics Assignment #15,2026-04-13,20,SCH-001
ASG-0631,CLS-11C,SUB-CHEM,TCH-003,Chemistry Assignment #1,2025-09-01,20,SCH-001
ASG-0632,CLS-11C,SUB-CHEM,TCH-003,Chemistry Assignment #2,2025-09-16,20,SCH-001
ASG-0633,CLS-11C,SUB-CHEM,TCH-003,Chemistry Assignment #3,2025-10-01,20,SCH-001
ASG-0634,CLS-11C,SUB-CHEM,TCH-003,Chemistry Assignment #4,2025-10-17,20,SCH-001
ASG-0635,CLS-11C,SUB-CHEM,TCH-003,Chemistry Assignment #5,2025-11-03,20,SCH-001
ASG-0636,CLS-11C,SUB-CHEM,TCH-003,Chemistry Assignment #6,2025-11-19,20,SCH-001
ASG-0637,CLS-11C,SUB-CHEM,TCH-003,Chemistry Assignment #7,2025-12-04,20,SCH-001
ASG-0638,CLS-11C,SUB-CHEM,TCH-003,Chemistry Assignment #8,2025-12-22,20,SCH-001
ASG-0639,CLS-11C,SUB-CHEM,TCH-003,Chemistry Assignment #9,2026-01-06,20,SCH-001
ASG-0640,CLS-11C,SUB-CHEM,TCH-003,Chemistry Assignment #10,2026-01-21,20,SCH-001
ASG-0641,CLS-11C,SUB-CHEM,TCH-003,Chemistry Assignment #11,2026-02-06,20,SCH-001
ASG-0642,CLS-11C,SUB-CHEM,TCH-003,Chemistry Assignment #12,2026-02-23,20,SCH-001
ASG-0643,CLS-11C,SUB-CHEM,TCH-003,Chemistry Assignment #13,2026-03-11,20,SCH-001
ASG-0644,CLS-11C,SUB-CHEM,TCH-003,Chemistry Assignment #14,2026-03-26,20,SCH-001
ASG-0645,CLS-11C,SUB-CHEM,TCH-003,Chemistry Assignment #15,2026-04-13,20,SCH-001
ASG-0646,CLS-11C,SUB-ENG,TCH-004,English Assignment #1,2025-09-01,20,SCH-001
ASG-0647,CLS-11C,SUB-ENG,TCH-004,English Assignment #2,2025-09-16,20,SCH-001
ASG-0648,CLS-11C,SUB-ENG,TCH-004,English Assignment #3,2025-10-01,20,SCH-001
ASG-0649,CLS-11C,SUB-ENG,TCH-004,English Assignment #4,2025-10-17,20,SCH-001
ASG-0650,CLS-11C,SUB-ENG,TCH-004,English Assignment #5,2025-11-03,20,SCH-001
ASG-0651,CLS-11C,SUB-ENG,TCH-004,English Assignment #6,2025-11-19,20,SCH-001
ASG-0652,CLS-11C,SUB-ENG,TCH-004,English Assignment #7,2025-12-04,20,SCH-001
ASG-0653,CLS-11C,SUB-ENG,TCH-004,English Assignment #8,2025-12-22,20,SCH-001
ASG-0654,CLS-11C,SUB-ENG,TCH-004,English Assignment #9,2026-01-06,20,SCH-001
ASG-0655,CLS-11C,SUB-ENG,TCH-004,English Assignment #10,2026-01-21,20,SCH-001
ASG-0656,CLS-11C,SUB-ENG,TCH-004,English Assignment #11,2026-02-06,20,SCH-001
ASG-0657,CLS-11C,SUB-ENG,TCH-004,English Assignment #12,2026-02-23,20,SCH-001
ASG-0658,CLS-11C,SUB-ENG,TCH-004,English Assignment #13,2026-03-11,20,SCH-001
ASG-0659,CLS-11C,SUB-ENG,TCH-004,English Assignment #14,2026-03-26,20,SCH-001
ASG-0660,CLS-11C,SUB-ENG,TCH-004,English Assignment #15,2026-04-13,20,SCH-001
ASG-0661,CLS-11C,SUB-HIST,TCH-005,History Assignment #1,2025-09-01,20,SCH-001
ASG-0662,CLS-11C,SUB-HIST,TCH-005,History Assignment #2,2025-09-16,20,SCH-001
ASG-0663,CLS-11C,SUB-HIST,TCH-005,History Assignment #3,2025-10-01,20,SCH-001
ASG-0664,CLS-11C,SUB-HIST,TCH-005,History Assignment #4,2025-10-17,20,SCH-001
ASG-0665,CLS-11C,SUB-HIST,TCH-005,History Assignment #5,2025-11-03,20,SCH-001
ASG-0666,CLS-11C,SUB-HIST,TCH-005,History Assignment #6,2025-11-19,20,SCH-001
ASG-0667,CLS-11C,SUB-HIST,TCH-005,History Assignment #7,2025-12-04,20,SCH-001
ASG-0668,CLS-11C,SUB-HIST,TCH-005,History Assignment #8,2025-12-22,20,SCH-001
ASG-0669,CLS-11C,SUB-HIST,TCH-005,History Assignment #9,2026-01-06,20,SCH-001
ASG-0670,CLS-11C,SUB-HIST,TCH-005,History Assignment #10,2026-01-21,20,SCH-001
ASG-0671,CLS-11C,SUB-HIST,TCH-005,History Assignment #11,2026-02-06,20,SCH-001
ASG-0672,CLS-11C,SUB-HIST,TCH-005,History Assignment #12,2026-02-23,20,SCH-001
ASG-0673,CLS-11C,SUB-HIST,TCH-005,History Assignment #13,2026-03-11,20,SCH-001
ASG-0674,CLS-11C,SUB-HIST,TCH-005,History Assignment #14,2026-03-26,20,SCH-001
ASG-0675,CLS-11C,SUB-HIST,TCH-005,History Assignment #15,2026-04-13,20,SCH-001
