studentId,studentCode,firstName,lastName,gender,dateOfBirth,grade,section,classId,schoolId,emergencyContactName,emergencyContactPhone,isActive
STU-2026-0001,STU-0001,Sneha,Reddy,female,2012-07-14,9,A,CLS-9A,SCH-001,Amit Reddy,+91 91234 00001,True
STU-2026-0002,STU-0002,Shreya,Kapoor,female,2012-04-25,9,A,CLS-9A,SCH-001,Varun Kapoor,+91 91234 00002,True
STU-2026-0003,STU-0003,Tanvi,Gupta,female,2012-06-20,9,A,CLS-9A,SCH-001,Reyansh Gupta,+91 91234 00003,True
STU-2026-0004,STU-0004,Rohan,Mishra,male,2012-08-05,9,A,CLS-9A,SCH-001,Rahul Mishra,+91 91234 00004,True
STU-2026-0005,STU-0005,Arjun,Mishra,male,2012-12-05,9,A,CLS-9A,SCH-001,Pranav Mishra,+91 91234 00005,True
STU-2026-0006,STU-0006,Isha,Joshi,female,2012-04-13,9,A,CLS-9A,SCH-001,Kabir Joshi,+91 91234 00006,True
STU-2026-0007,STU-0007,Tanvi,Joshi,female,2012-08-06,9,A,CLS-9A,SCH-001,Arjun Joshi,+91 91234 00007,True
STU-2026-0008,STU-0008,Kabir,Menon,male,2012-12-03,9,A,CLS-9A,SCH-001,Sanjay Menon,+91 91234 00008,True
STU-2026-0009,STU-0009,Dev,Rao,male,2012-03-06,9,A,CLS-9A,SCH-001,Arjun Rao,+91 91234 00009,True
STU-2026-0010,STU-0010,Diya,Mishra,female,2012-06-06,9,A,CLS-9A,SCH-001,Dev Mishra,+91 91234 00010,True
STU-2026-0011,STU-0011,Aditya,Sharma,male,2012-05-27,9,A,CLS-9A,SCH-001,Harsh Sharma,+91 91234 00011,True
STU-2026-0012,STU-0012,Nisha,Patel,female,2012-11-19,9,A,CLS-9A,SCH-001,Pranav Patel,+91 91234 00012,True
STU-2026-0013,STU-0013,Nikhil,Rao,male,2012-02-25,9,A,CLS-9A,SCH-001,Rudra Rao,+91 91234 00013,True
STU-2026-0014,STU-0014,Simran,Rao,female,2012-09-22,9,A,CLS-9A,SCH-001,Arjun Rao,+91 91234 00014,True
STU-2026-0015,STU-0015,Harsh,Mehta,male,2012-05-09,9,A,CLS-9A,SCH-001,Dev Mehta,+91 91234 00015,True
STU-2026-0016,STU-0016,Ananya,Kapoor,female,2012-11-27,9,A,CLS-9A,SCH-001,Manish Kapoor,+91 91234 00016,True
STU-2026-0017,STU-0017,Sanjay,Agarwal,male,2012-01-07,9,A,CLS-9A,SCH-001,Nikhil Agarwal,+91 91234 00017,True
STU-2026-0018,STU-0018,Kiara,Mishra,female,2012-01-13,9,A,CLS-9A,SCH-001,Amit Mishra,+91 91234 00018,True
STU-2026-0019,STU-0019,Riya,Mishra,female,2012-04-01,9,A,CLS-9A,SCH-001,Reyansh Mishra,+91 91234 00019,True
STU-2026-0020,STU-0020,Sanjay,Singh,male,2012-08-01,9,A,CLS-9A,SCH-001,Rohan Singh,+91 91234 00020,True
STU-2026-0021,STU-0021,Harsh,Rao,male,2012-02-03,9,A,CLS-9A,SCH-001,Pranav Rao,+91 91234 00021,True
STU-2026-0022,STU-0022,Divya,Chatterjee,female,2012-07-10,9,A,CLS-9A,SCH-001,Aryan Chatterjee,+91 91234 00022,True
STU-2026-0023,STU-0023,Aditya,Mehta,male,2012-02-21,9,A,CLS-9A,SCH-001,Sanjay Mehta,+91 91234 00023,True
STU-2026-0024,STU-0024,Simran,Mehta,female,2012-08-02,9,A,CLS-9A,SCH-001,Rahul Mehta,+91 91234 00024,True
STU-2026-0025,STU-0025,Pooja,Deshmukh,female,2012-02-21,9,A,CLS-9A,SCH-001,Siddharth Deshmukh,+91 91234 00025,True
STU-2026-0026,STU-0026,Riya,Rao,female,2012-02-12,9,A,CLS-9A,SCH-001,Rudra Rao,+91 91234 00026,True
STU-2026-0027,STU-0027,Rishi,Agarwal,male,2012-04-19,9,A,CLS-9A,SCH-001,Rudra Agarwal,+91 91234 00027,True
STU-2026-0028,STU-0028,Neha,Bhatia,female,2012-06-05,9,A,CLS-9A,SCH-001,Nikhil Bhatia,+91 91234 00028,True
STU-2026-0029,STU-0029,Tanvi,Patel,female,2012-05-09,9,A,CLS-9A,SCH-001,Sanjay Patel,+91 91234 00029,True
STU-2026-0030,STU-0030,Varun,Mishra,male,2012-06-02,9,A,CLS-9A,SCH-001,Arjun Mishra,+91 91234 00030,True
STU-2026-0031,STU-0031,Amit,Malhotra,male,2012-05-22,9,A,CLS-9A,SCH-001,Harsh Malhotra,+91 91234 00031,True
STU-2026-0032,STU-0032,Divya,Singh,female,2012-01-23,9,A,CLS-9A,SCH-001,Reyansh Singh,+91 91234 00032,True
STU-2026-0033,STU-0033,Aryan,Singh,male,2012-03-18,9,A,CLS-9A,SCH-001,Kabir Singh,+91 91234 00033,True
STU-2026-0034,STU-0034,Reyansh,Malhotra,male,2012-12-07,9,A,CLS-9A,SCH-001,Varun Malhotra,+91 91234 00034,True
STU-2026-0035,STU-0035,Tara,Verma,female,2012-10-02,9,A,CLS-9A,SCH-001,Gaurav Verma,+91 91234 00035,True
STU-2026-0036,STU-0036,Harsh,Chopra,male,2012-09-07,9,A,CLS-9A,SCH-001,Kabir Chopra,+91 91234 00036,True
STU-2026-0037,STU-0037,Priya,Agarwal,female,2012-09-15,9,A,CLS-9A,SCH-001,Rahul Agarwal,+91 91234 00037,True
STU-2026-0038,STU-0038,Saanvi,Iyer,female,2012-11-08,9,A,CLS-9A,SCH-001,Kunal Iyer,+91 91234 00038,True
STU-2026-0039,STU-0039,Sneha,Deshmukh,female,2012-05-05,9,A,CLS-9A,SCH-001,Sanjay Deshmukh,+91 91234 00039,True
STU-2026-0040,STU-0040,Anushka,Verma,female,2012-03-06,9,A,CLS-9A,SCH-001,Kunal Verma,+91 91234 00040,True
STU-2026-0041,STU-0041,Ananya,Kulkarni,female,2012-10-09,9,A,CLS-9A,SCH-001,Aditya Kulkarni,+91 91234 00041,True
STU-2026-0042,STU-0042,Gaurav,Bose,male,2012-12-05,9,A,CLS-9A,SCH-001,Nikhil Bose,+91 91234 00042,True
STU-2026-0043,STU-0043,Rishi,Nair,male,2012-08-01,9,A,CLS-9A,SCH-001,Manish Nair,+91 91234 00043,True
STU-2026-0044,STU-0044,Rishi,Malhotra,male,2012-10-10,9,A,CLS-9A,SCH-001,Pranav Malhotra,+91 91234 00044,True
STU-2026-0045,STU-0045,Tanvi,Kapoor,female,2012-08-02,9,A,CLS-9A,SCH-001,Harsh Kapoor,+91 91234 00045,True
STU-2026-0046,STU-0046,Rudra,Iyer,male,2012-04-04,9,A,CLS-9A,SCH-001,Sanjay Iyer,+91 91234 00046,True
STU-2026-0047,STU-0047,Harsh,Kulkarni,male,2012-04-27,9,A,CLS-9A,SCH-001,Rahul Kulkarni,+91 91234 00047,True
STU-2026-0048,STU-0048,Aditi,Kapoor,female,2012-03-13,9,A,CLS-9A,SCH-001,Rudra Kapoor,+91 91234 00048,True
STU-2026-0049,STU-0049,Sneha,Kapoor,female,2012-12-24,9,A,CLS-9A,SCH-001,Aarav Kapoor,+91 91234 00049,True
STU-2026-0050,STU-0050,Riya,Reddy,female,2012-02-03,9,A,CLS-9A,SCH-001,Amit Reddy,+91 91234 00050,True
STU-2026-0051,STU-0051,Kavya,Reddy,female,2012-11-14,9,A,CLS-9A,SCH-001,Varun Reddy,+91 91234 00051,True
STU-2026-0052,STU-0052,Tanvi,Deshmukh,female,2012-09-22,9,A,CLS-9A,SCH-001,Sanjay Deshmukh,+91 91234 00052,True
STU-2026-0053,STU-0053,Riya,Joshi,female,2012-09-01,9,A,CLS-9A,SCH-001,Siddharth Joshi,+91 91234 00053,True
STU-2026-0054,STU-0054,Sanjay,Sharma,male,2012-02-01,9,A,CLS-9A,SCH-001,Harsh Sharma,+91 91234 00054,True
STU-2026-0055,STU-0055,Tara,Kulkarni,female,2012-01-08,9,A,CLS-9A,SCH-001,Aryan Kulkarni,+91 91234 00055,True
STU-2026-0056,STU-0056,Diya,Joshi,female,2012-04-16,9,A,CLS-9A,SCH-001,Sanjay Joshi,+91 91234 00056,True
STU-2026-0057,STU-0057,Tara,Kulkarni,female,2012-09-13,9,A,CLS-9A,SCH-001,Varun Kulkarni,+91 91234 00057,True
STU-2026-0058,STU-0058,Sanjay,Mishra,male,2012-06-05,9,A,CLS-9A,SCH-001,Aryan Mishra,+91 91234 00058,True
STU-2026-0059,STU-0059,Varun,Saxena,male,2012-12-24,9,A,CLS-9A,SCH-001,Rahul Saxena,+91 91234 00059,True
STU-2026-0060,STU-0060,Dev,Chopra,male,2012-03-19,9,A,CLS-9A,SCH-001,Arjun Chopra,+91 91234 00060,True
STU-2026-0061,STU-0061,Tara,Chopra,female,2012-12-14,9,A,CLS-9A,SCH-001,Aryan Chopra,+91 91234 00061,True
STU-2026-0062,STU-0062,Aditya,Kapoor,male,2012-11-25,9,A,CLS-9A,SCH-001,Siddharth Kapoor,+91 91234 00062,True
STU-2026-0063,STU-0063,Simran,Nair,female,2012-10-10,9,A,CLS-9A,SCH-001,Kabir Nair,+91 91234 00063,True
STU-2026-0064,STU-0064,Shreya,Gupta,female,2012-01-17,9,A,CLS-9A,SCH-001,Kunal Gupta,+91 91234 00064,True
STU-2026-0065,STU-0065,Aryan,Sharma,male,2012-07-03,9,A,CLS-9A,SCH-001,Harsh Sharma,+91 91234 00065,True
STU-2026-0066,STU-0066,Reyansh,Kulkarni,male,2012-06-20,9,A,CLS-9A,SCH-001,Rudra Kulkarni,+91 91234 00066,True
STU-2026-0067,STU-0067,Priya,Malhotra,female,2012-07-26,9,B,CLS-9B,SCH-001,Arjun Malhotra,+91 91234 00067,True
STU-2026-0068,STU-0068,Vikram,Sharma,male,2012-01-19,9,B,CLS-9B,SCH-001,Kunal Sharma,+91 91234 00068,True
STU-2026-0069,STU-0069,Nikhil,Mehta,male,2012-05-13,9,B,CLS-9B,SCH-001,Sanjay Mehta,+91 91234 00069,True
STU-2026-0070,STU-0070,Reyansh,Mishra,male,2012-11-01,9,B,CLS-9B,SCH-001,Aarav Mishra,+91 91234 00070,True
STU-2026-0071,STU-0071,Anushka,Verma,female,2012-12-06,9,B,CLS-9B,SCH-001,Arjun Verma,+91 91234 00071,True
STU-2026-0072,STU-0072,Aditya,Agarwal,male,2012-10-25,9,B,CLS-9B,SCH-001,Varun Agarwal,+91 91234 00072,True
STU-2026-0073,STU-0073,Nikhil,Agarwal,male,2012-07-11,9,B,CLS-9B,SCH-001,Aryan Agarwal,+91 91234 00073,True
STU-2026-0074,STU-0074,Harsh,Verma,male,2012-08-16,9,B,CLS-9B,SCH-001,Siddharth Verma,+91 91234 00074,True
STU-2026-0075,STU-0075,Dev,Kapoor,male,2012-10-10,9,B,CLS-9B,SCH-001,Kunal Kapoor,+91 91234 00075,True
STU-2026-0076,STU-0076,Harsh,Chopra,male,2012-08-26,9,B,CLS-9B,SCH-001,Vikram Chopra,+91 91234 00076,True
STU-2026-0077,STU-0077,Meera,Chatterjee,female,2012-03-04,9,B,CLS-9B,SCH-001,Amit Chatterjee,+91 91234 00077,True
STU-2026-0078,STU-0078,Isha,Reddy,female,2012-03-07,9,B,CLS-9B,SCH-001,Dev Reddy,+91 91234 00078,True
STU-2026-0079,STU-0079,Rohan,Chopra,male,2012-06-07,9,B,CLS-9B,SCH-001,Aarav Chopra,+91 91234 00079,True
STU-2026-0080,STU-0080,Kunal,Rao,male,2012-01-27,9,B,CLS-9B,SCH-001,Arjun Rao,+91 91234 00080,True
STU-2026-0081,STU-0081,Sanjay,Verma,male,2012-06-12,9,B,CLS-9B,SCH-001,Vikram Verma,+91 91234 00081,True
STU-2026-0082,STU-0082,Harsh,Malhotra,male,2012-10-25,9,B,CLS-9B,SCH-001,Arjun Malhotra,+91 91234 00082,True
STU-2026-0083,STU-0083,Aarav,Agarwal,male,2012-12-06,9,B,CLS-9B,SCH-001,Manish Agarwal,+91 91234 00083,True
STU-2026-0084,STU-0084,Reyansh,Iyer,male,2012-02-23,9,B,CLS-9B,SCH-001,Siddharth Iyer,+91 91234 00084,True
STU-2026-0085,STU-0085,Nikhil,Verma,male,2012-08-10,9,B,CLS-9B,SCH-001,Rahul Verma,+91 91234 00085,True
STU-2026-0086,STU-0086,Simran,Saxena,female,2012-02-10,9,B,CLS-9B,SCH-001,Rohan Saxena,+91 91234 00086,True
STU-2026-0087,STU-0087,Nisha,Agarwal,female,2012-02-08,9,B,CLS-9B,SCH-001,Nikhil Agarwal,+91 91234 00087,True
STU-2026-0088,STU-0088,Aryan,Chatterjee,male,2012-12-06,9,B,CLS-9B,SCH-001,Manish Chatterjee,+91 91234 00088,True
STU-2026-0089,STU-0089,Harsh,Mehta,male,2012-07-19,9,B,CLS-9B,SCH-001,Kabir Mehta,+91 91234 00089,True
STU-2026-0090,STU-0090,Aryan,Saxena,male,2012-04-06,9,B,CLS-9B,SCH-001,Rudra Saxena,+91 91234 00090,True
STU-2026-0091,STU-0091,Kabir,Bhatia,male,2012-05-23,9,B,CLS-9B,SCH-001,Sanjay Bhatia,+91 91234 00091,True
STU-2026-0092,STU-0092,Ishaan,Chatterjee,male,2012-05-13,9,B,CLS-9B,SCH-001,Vikram Chatterjee,+91 91234 00092,True
STU-2026-0093,STU-0093,Gaurav,Chatterjee,male,2012-08-03,9,B,CLS-9B,SCH-001,Rahul Chatterjee,+91 91234 00093,True
STU-2026-0094,STU-0094,Priya,Chopra,female,2012-02-26,9,B,CLS-9B,SCH-001,Harsh Chopra,+91 91234 00094,True
STU-2026-0095,STU-0095,Reyansh,Bose,male,2012-03-05,9,B,CLS-9B,SCH-001,Rishi Bose,+91 91234 00095,True
STU-2026-0096,STU-0096,Anushka,Gupta,female,2012-04-21,9,B,CLS-9B,SCH-001,Aditya Gupta,+91 91234 00096,True
STU-2026-0097,STU-0097,Divya,Kapoor,female,2012-08-08,9,B,CLS-9B,SCH-001,Reyansh Kapoor,+91 91234 00097,True
STU-2026-0098,STU-0098,Avani,Chopra,female,2012-05-04,9,B,CLS-9B,SCH-001,Arjun Chopra,+91 91234 00098,True
STU-2026-0099,STU-0099,Kunal,Rao,male,2012-11-14,9,B,CLS-9B,SCH-001,Reyansh Rao,+91 91234 00099,True
STU-2026-0100,STU-0100,Varun,Mehta,male,2012-02-21,9,B,CLS-9B,SCH-001,Rudra Mehta,+91 91234 00100,True
STU-2026-0101,STU-0101,Rudra,Bose,male,2012-02-02,9,B,CLS-9B,SCH-001,Rudra Bose,+91 91234 00101,True
STU-2026-0102,STU-0102,Aarav,Verma,male,2012-06-19,9,B,CLS-9B,SCH-001,Kabir Verma,+91 91234 00102,True
STU-2026-0103,STU-0103,Vikram,Rao,male,2012-03-10,9,B,CLS-9B,SCH-001,Kunal Rao,+91 91234 00103,True
STU-2026-0104,STU-0104,Rudra,Chopra,male,2012-10-26,9,B,CLS-9B,SCH-001,Rudra Chopra,+91 91234 00104,True
STU-2026-0105,STU-0105,Kabir,Deshmukh,male,2012-05-22,9,B,CLS-9B,SCH-001,Reyansh Deshmukh,+91 91234 00105,True
STU-2026-0106,STU-0106,Rahul,Chatterjee,male,2012-03-19,9,B,CLS-9B,SCH-001,Vikram Chatterjee,+91 91234 00106,True
STU-2026-0107,STU-0107,Gaurav,Bose,male,2012-04-23,9,B,CLS-9B,SCH-001,Rudra Bose,+91 91234 00107,True
STU-2026-0108,STU-0108,Amit,Deshmukh,male,2012-04-20,9,B,CLS-9B,SCH-001,Aryan Deshmukh,+91 91234 00108,True
STU-2026-0109,STU-0109,Avani,Verma,female,2012-11-17,9,B,CLS-9B,SCH-001,Kabir Verma,+91 91234 00109,True
STU-2026-0110,STU-0110,Myra,Chopra,female,2012-05-04,9,B,CLS-9B,SCH-001,Varun Chopra,+91 91234 00110,True
STU-2026-0111,STU-0111,Saanvi,Iyer,female,2012-05-24,9,B,CLS-9B,SCH-001,Siddharth Iyer,+91 91234 00111,True
STU-2026-0112,STU-0112,Aditya,Kulkarni,male,2012-09-13,9,B,CLS-9B,SCH-001,Sanjay Kulkarni,+91 91234 00112,True
STU-2026-0113,STU-0113,Manish,Saxena,male,2012-08-15,9,B,CLS-9B,SCH-001,Sanjay Saxena,+91 91234 00113,True
STU-2026-0114,STU-0114,Tara,Gupta,female,2012-08-17,9,B,CLS-9B,SCH-001,Amit Gupta,+91 91234 00114,True
STU-2026-0115,STU-0115,Rahul,Joshi,male,2012-09-07,9,B,CLS-9B,SCH-001,Rudra Joshi,+91 91234 00115,True
STU-2026-0116,STU-0116,Rahul,Chopra,male,2012-02-16,9,B,CLS-9B,SCH-001,Rohan Chopra,+91 91234 00116,True
STU-2026-0117,STU-0117,Anushka,Singh,female,2012-05-20,9,B,CLS-9B,SCH-001,Kunal Singh,+91 91234 00117,True
STU-2026-0118,STU-0118,Amit,Patel,male,2012-09-24,9,B,CLS-9B,SCH-001,Sanjay Patel,+91 91234 00118,True
STU-2026-0119,STU-0119,Isha,Mishra,female,2012-11-24,9,B,CLS-9B,SCH-001,Siddharth Mishra,+91 91234 00119,True
STU-2026-0120,STU-0120,Riya,Kulkarni,female,2012-02-07,9,B,CLS-9B,SCH-001,Gaurav Kulkarni,+91 91234 00120,True
STU-2026-0121,STU-0121,Aditi,Deshmukh,female,2012-06-19,9,B,CLS-9B,SCH-001,Nikhil Deshmukh,+91 91234 00121,True
STU-2026-0122,STU-0122,Riya,Malhotra,female,2012-11-05,9,B,CLS-9B,SCH-001,Kunal Malhotra,+91 91234 00122,True
STU-2026-0123,STU-0123,Sanjay,Deshmukh,male,2012-03-12,9,B,CLS-9B,SCH-001,Aarav Deshmukh,+91 91234 00123,True
STU-2026-0124,STU-0124,Saanvi,Patel,female,2012-09-19,9,B,CLS-9B,SCH-001,Harsh Patel,+91 91234 00124,True
STU-2026-0125,STU-0125,Priya,Saxena,female,2012-02-02,9,B,CLS-9B,SCH-001,Rohan Saxena,+91 91234 00125,True
STU-2026-0126,STU-0126,Ishaan,Menon,male,2012-04-14,9,B,CLS-9B,SCH-001,Ishaan Menon,+91 91234 00126,True
STU-2026-0127,STU-0127,Rohan,Mishra,male,2012-11-20,9,B,CLS-9B,SCH-001,Dev Mishra,+91 91234 00127,True
STU-2026-0128,STU-0128,Kunal,Malhotra,male,2012-09-19,9,B,CLS-9B,SCH-001,Pranav Malhotra,+91 91234 00128,True
STU-2026-0129,STU-0129,Rohan,Mehta,male,2012-11-14,9,B,CLS-9B,SCH-001,Gaurav Mehta,+91 91234 00129,True
STU-2026-0130,STU-0130,Rohan,Kulkarni,male,2012-01-21,9,B,CLS-9B,SCH-001,Varun Kulkarni,+91 91234 00130,True
STU-2026-0131,STU-0131,Neha,Mehta,female,2012-03-26,9,B,CLS-9B,SCH-001,Vikram Mehta,+91 91234 00131,True
STU-2026-0132,STU-0132,Nisha,Verma,female,2012-06-12,9,B,CLS-9B,SCH-001,Sanjay Verma,+91 91234 00132,True
STU-2026-0133,STU-0133,Shreya,Deshmukh,female,2012-10-27,9,C,CLS-9C,SCH-001,Nikhil Deshmukh,+91 91234 00133,True
STU-2026-0134,STU-0134,Amit,Menon,male,2012-01-08,9,C,CLS-9C,SCH-001,Kabir Menon,+91 91234 00134,True
STU-2026-0135,STU-0135,Anushka,Agarwal,female,2012-03-27,9,C,CLS-9C,SCH-001,Rishi Agarwal,+91 91234 00135,True
STU-2026-0136,STU-0136,Kavya,Agarwal,female,2012-12-16,9,C,CLS-9C,SCH-001,Vikram Agarwal,+91 91234 00136,True
STU-2026-0137,STU-0137,Kiara,Reddy,female,2012-12-08,9,C,CLS-9C,SCH-001,Siddharth Reddy,+91 91234 00137,True
STU-2026-0138,STU-0138,Pooja,Bose,female,2012-10-14,9,C,CLS-9C,SCH-001,Aditya Bose,+91 91234 00138,True
STU-2026-0139,STU-0139,Arjun,Patel,male,2012-01-09,9,C,CLS-9C,SCH-001,Aditya Patel,+91 91234 00139,True
STU-2026-0140,STU-0140,Rudra,Joshi,male,2012-02-04,9,C,CLS-9C,SCH-001,Rohan Joshi,+91 91234 00140,True
STU-2026-0141,STU-0141,Harsh,Mehta,male,2012-07-08,9,C,CLS-9C,SCH-001,Kabir Mehta,+91 91234 00141,True
STU-2026-0142,STU-0142,Aarav,Reddy,male,2012-04-19,9,C,CLS-9C,SCH-001,Amit Reddy,+91 91234 00142,True
STU-2026-0143,STU-0143,Kabir,Rao,male,2012-02-16,9,C,CLS-9C,SCH-001,Nikhil Rao,+91 91234 00143,True
STU-2026-0144,STU-0144,Simran,Bhatia,female,2012-11-27,9,C,CLS-9C,SCH-001,Sanjay Bhatia,+91 91234 00144,True
STU-2026-0145,STU-0145,Amit,Bose,male,2012-11-15,9,C,CLS-9C,SCH-001,Siddharth Bose,+91 91234 00145,True
STU-2026-0146,STU-0146,Nikhil,Mishra,male,2012-10-17,9,C,CLS-9C,SCH-001,Rohan Mishra,+91 91234 00146,True
STU-2026-0147,STU-0147,Ananya,Joshi,female,2012-04-19,9,C,CLS-9C,SCH-001,Arjun Joshi,+91 91234 00147,True
STU-2026-0148,STU-0148,Anushka,Gupta,female,2012-04-22,9,C,CLS-9C,SCH-001,Kabir Gupta,+91 91234 00148,True
STU-2026-0149,STU-0149,Aryan,Mehta,male,2012-10-12,9,C,CLS-9C,SCH-001,Aarav Mehta,+91 91234 00149,True
STU-2026-0150,STU-0150,Reyansh,Reddy,male,2012-11-11,9,C,CLS-9C,SCH-001,Dev Reddy,+91 91234 00150,True
STU-2026-0151,STU-0151,Gaurav,Mehta,male,2012-08-20,9,C,CLS-9C,SCH-001,Rudra Mehta,+91 91234 00151,True
STU-2026-0152,STU-0152,Manish,Verma,male,2012-06-10,9,C,CLS-9C,SCH-001,Harsh Verma,+91 91234 00152,True
STU-2026-0153,STU-0153,Sanjay,Rao,male,2012-10-17,9,C,CLS-9C,SCH-001,Vikram Rao,+91 91234 00153,True
STU-2026-0154,STU-0154,Arjun,Malhotra,male,2012-09-02,9,C,CLS-9C,SCH-001,Nikhil Malhotra,+91 91234 00154,True
STU-2026-0155,STU-0155,Rahul,Bose,male,2012-03-27,9,C,CLS-9C,SCH-001,Rahul Bose,+91 91234 00155,True
STU-2026-0156,STU-0156,Kavya,Malhotra,female,2012-08-23,9,C,CLS-9C,SCH-001,Rishi Malhotra,+91 91234 00156,True
STU-2026-0157,STU-0157,Aadhya,Kapoor,female,2012-07-23,9,C,CLS-9C,SCH-001,Pranav Kapoor,+91 91234 00157,True
STU-2026-0158,STU-0158,Harsh,Bhatia,male,2012-04-13,9,C,CLS-9C,SCH-001,Harsh Bhatia,+91 91234 00158,True
STU-2026-0159,STU-0159,Anushka,Chatterjee,female,2012-06-06,9,C,CLS-9C,SCH-001,Varun Chatterjee,+91 91234 00159,True
STU-2026-0160,STU-0160,Sanjay,Reddy,male,2012-03-13,9,C,CLS-9C,SCH-001,Reyansh Reddy,+91 91234 00160,True
STU-2026-0161,STU-0161,Tara,Agarwal,female,2012-05-11,9,C,CLS-9C,SCH-001,Kabir Agarwal,+91 91234 00161,True
STU-2026-0162,STU-0162,Isha,Bhatia,female,2012-07-09,9,C,CLS-9C,SCH-001,Rahul Bhatia,+91 91234 00162,True
STU-2026-0163,STU-0163,Tanvi,Deshmukh,female,2012-11-22,9,C,CLS-9C,SCH-001,Sanjay Deshmukh,+91 91234 00163,True
STU-2026-0164,STU-0164,Aditya,Kulkarni,male,2012-12-21,9,C,CLS-9C,SCH-001,Rudra Kulkarni,+91 91234 00164,True
STU-2026-0165,STU-0165,Ishaan,Kulkarni,male,2012-05-10,9,C,CLS-9C,SCH-001,Manish Kulkarni,+91 91234 00165,True
STU-2026-0166,STU-0166,Aditya,Sharma,male,2012-04-23,9,C,CLS-9C,SCH-001,Kabir Sharma,+91 91234 00166,True
STU-2026-0167,STU-0167,Myra,Sharma,female,2012-07-26,9,C,CLS-9C,SCH-001,Harsh Sharma,+91 91234 00167,True
STU-2026-0168,STU-0168,Manish,Rao,male,2012-01-23,9,C,CLS-9C,SCH-001,Reyansh Rao,+91 91234 00168,True
STU-2026-0169,STU-0169,Vikram,Rao,male,2012-09-23,9,C,CLS-9C,SCH-001,Siddharth Rao,+91 91234 00169,True
STU-2026-0170,STU-0170,Kiara,Joshi,female,2012-05-08,9,C,CLS-9C,SCH-001,Harsh Joshi,+91 91234 00170,True
STU-2026-0171,STU-0171,Simran,Chatterjee,female,2012-10-17,9,C,CLS-9C,SCH-001,Ishaan Chatterjee,+91 91234 00171,True
STU-2026-0172,STU-0172,Aditya,Deshmukh,male,2012-06-18,9,C,CLS-9C,SCH-001,Manish Deshmukh,+91 91234 00172,True
STU-2026-0173,STU-0173,Amit,Nair,male,2012-11-13,9,C,CLS-9C,SCH-001,Varun Nair,+91 91234 00173,True
STU-2026-0174,STU-0174,Avani,Mishra,female,2012-07-23,9,C,CLS-9C,SCH-001,Harsh Mishra,+91 91234 00174,True
STU-2026-0175,STU-0175,Pooja,Singh,female,2012-01-27,9,C,CLS-9C,SCH-001,Ishaan Singh,+91 91234 00175,True
STU-2026-0176,STU-0176,Kavya,Patel,female,2012-07-08,9,C,CLS-9C,SCH-001,Rohan Patel,+91 91234 00176,True
STU-2026-0177,STU-0177,Myra,Verma,female,2012-03-17,9,C,CLS-9C,SCH-001,Nikhil Verma,+91 91234 00177,True
STU-2026-0178,STU-0178,Reyansh,Chopra,male,2012-11-11,9,C,CLS-9C,SCH-001,Ishaan Chopra,+91 91234 00178,True
STU-2026-0179,STU-0179,Rishi,Mishra,male,2012-12-07,9,C,CLS-9C,SCH-001,Arjun Mishra,+91 91234 00179,True
STU-2026-0180,STU-0180,Kiara,Nair,female,2012-07-14,9,C,CLS-9C,SCH-001,Vikram Nair,+91 91234 00180,True
STU-2026-0181,STU-0181,Anushka,Malhotra,female,2012-05-24,9,C,CLS-9C,SCH-001,Rudra Malhotra,+91 91234 00181,True
STU-2026-0182,STU-0182,Meera,Rao,female,2012-07-07,9,C,CLS-9C,SCH-001,Sanjay Rao,+91 91234 00182,True
STU-2026-0183,STU-0183,Kabir,Nair,male,2012-11-19,9,C,CLS-9C,SCH-001,Siddharth Nair,+91 91234 00183,True
STU-2026-0184,STU-0184,Ananya,Mehta,female,2012-01-11,9,C,CLS-9C,SCH-001,Aditya Mehta,+91 91234 00184,True
STU-2026-0185,STU-0185,Rishi,Iyer,male,2012-01-09,9,C,CLS-9C,SCH-001,Kunal Iyer,+91 91234 00185,True
STU-2026-0186,STU-0186,Riya,Saxena,female,2012-04-21,9,C,CLS-9C,SCH-001,Harsh Saxena,+91 91234 00186,True
STU-2026-0187,STU-0187,Vikram,Chatterjee,male,2012-01-19,9,C,CLS-9C,SCH-001,Aarav Chatterjee,+91 91234 00187,True
STU-2026-0188,STU-0188,Rishi,Agarwal,male,2012-01-05,9,C,CLS-9C,SCH-001,Manish Agarwal,+91 91234 00188,True
STU-2026-0189,STU-0189,Aryan,Iyer,male,2012-12-23,9,C,CLS-9C,SCH-001,Gaurav Iyer,+91 91234 00189,True
STU-2026-0190,STU-0190,Rishi,Chatterjee,male,2012-04-16,9,C,CLS-9C,SCH-001,Kabir Chatterjee,+91 91234 00190,True
STU-2026-0191,STU-0191,Pranav,Gupta,male,2012-06-24,9,C,CLS-9C,SCH-001,Aarav Gupta,+91 91234 00191,True
STU-2026-0192,STU-0192,Rudra,Singh,male,2012-07-14,9,C,CLS-9C,SCH-001,Aditya Singh,+91 91234 00192,True
STU-2026-0193,STU-0193,Kunal,Gupta,male,2012-02-26,9,C,CLS-9C,SCH-001,Gaurav Gupta,+91 91234 00193,True
STU-2026-0194,STU-0194,Siddharth,Deshmukh,male,2012-06-26,9,C,CLS-9C,SCH-001,Ishaan Deshmukh,+91 91234 00194,True
STU-2026-0195,STU-0195,Sneha,Deshmukh,female,2012-11-10,9,C,CLS-9C,SCH-001,Rudra Deshmukh,+91 91234 00195,True
STU-2026-0196,STU-0196,Ishaan,Bhatia,male,2012-04-02,9,C,CLS-9C,SCH-001,Aarav Bhatia,+91 91234 00196,True
STU-2026-0197,STU-0197,Tanvi,Bose,female,2012-10-06,9,C,CLS-9C,SCH-001,Kunal Bose,+91 91234 00197,True
STU-2026-0198,STU-0198,Kiara,Kapoor,female,2012-11-25,9,C,CLS-9C,SCH-001,Aarav Kapoor,+91 91234 00198,True
STU-2026-0199,STU-0199,Sanjay,Nair,male,2011-07-10,10,A,CLS-10A,SCH-001,Reyansh Nair,+91 91234 00199,True
STU-2026-0200,STU-0200,Pranav,Rao,male,2011-03-14,10,A,CLS-10A,SCH-001,Kunal Rao,+91 91234 00200,True
STU-2026-0201,STU-0201,Myra,Patel,female,2011-10-11,10,A,CLS-10A,SCH-001,Rahul Patel,+91 91234 00201,True
STU-2026-0202,STU-0202,Manish,Bose,male,2011-04-22,10,A,CLS-10A,SCH-001,Aarav Bose,+91 91234 00202,True
STU-2026-0203,STU-0203,Ishaan,Nair,male,2011-05-17,10,A,CLS-10A,SCH-001,Aarav Nair,+91 91234 00203,True
STU-2026-0204,STU-0204,Meera,Malhotra,female,2011-09-21,10,A,CLS-10A,SCH-001,Vikram Malhotra,+91 91234 00204,True
STU-2026-0205,STU-0205,Amit,Chopra,male,2011-10-07,10,A,CLS-10A,SCH-001,Varun Chopra,+91 91234 00205,True
STU-2026-0206,STU-0206,Rohan,Bhatia,male,2011-09-15,10,A,CLS-10A,SCH-001,Rudra Bhatia,+91 91234 00206,True
STU-2026-0207,STU-0207,Anushka,Joshi,female,2011-10-19,10,A,CLS-10A,SCH-001,Rudra Joshi,+91 91234 00207,True
STU-2026-0208,STU-0208,Kavya,Joshi,female,2011-09-15,10,A,CLS-10A,SCH-001,Rishi Joshi,+91 91234 00208,True
STU-2026-0209,STU-0209,Aarav,Patel,male,2011-01-21,10,A,CLS-10A,SCH-001,Rohan Patel,+91 91234 00209,True
STU-2026-0210,STU-0210,Anushka,Singh,female,2011-05-01,10,A,CLS-10A,SCH-001,Rudra Singh,+91 91234 00210,True
STU-2026-0211,STU-0211,Aarav,Bhatia,male,2011-09-19,10,A,CLS-10A,SCH-001,Manish Bhatia,+91 91234 00211,True
STU-2026-0212,STU-0212,Kavya,Chatterjee,female,2011-03-16,10,A,CLS-10A,SCH-001,Rahul Chatterjee,+91 91234 00212,True
STU-2026-0213,STU-0213,Rudra,Reddy,male,2011-04-27,10,A,CLS-10A,SCH-001,Aryan Reddy,+91 91234 00213,True
STU-2026-0214,STU-0214,Pooja,Joshi,female,2011-02-17,10,A,CLS-10A,SCH-001,Dev Joshi,+91 91234 00214,True
STU-2026-0215,STU-0215,Aryan,Kapoor,male,2011-03-05,10,A,CLS-10A,SCH-001,Amit Kapoor,+91 91234 00215,True
STU-2026-0216,STU-0216,Sneha,Agarwal,female,2011-10-04,10,A,CLS-10A,SCH-001,Arjun Agarwal,+91 91234 00216,True
STU-2026-0217,STU-0217,Rahul,Kulkarni,male,2011-10-12,10,A,CLS-10A,SCH-001,Aditya Kulkarni,+91 91234 00217,True
STU-2026-0218,STU-0218,Rohan,Deshmukh,male,2011-03-01,10,A,CLS-10A,SCH-001,Dev Deshmukh,+91 91234 00218,True
STU-2026-0219,STU-0219,Harsh,Iyer,male,2011-07-23,10,A,CLS-10A,SCH-001,Pranav Iyer,+91 91234 00219,True
STU-2026-0220,STU-0220,Aditya,Menon,male,2011-11-24,10,A,CLS-10A,SCH-001,Aryan Menon,+91 91234 00220,True
STU-2026-0221,STU-0221,Siddharth,Verma,male,2011-11-03,10,A,CLS-10A,SCH-001,Gaurav Verma,+91 91234 00221,True
STU-2026-0222,STU-0222,Aadhya,Deshmukh,female,2011-08-18,10,A,CLS-10A,SCH-001,Vikram Deshmukh,+91 91234 00222,True
STU-2026-0223,STU-0223,Rishi,Joshi,male,2011-02-10,10,A,CLS-10A,SCH-001,Kabir Joshi,+91 91234 00223,True
STU-2026-0224,STU-0224,Varun,Chatterjee,male,2011-04-22,10,A,CLS-10A,SCH-001,Rudra Chatterjee,+91 91234 00224,True
STU-2026-0225,STU-0225,Tara,Joshi,female,2011-05-12,10,A,CLS-10A,SCH-001,Aarav Joshi,+91 91234 00225,True
STU-2026-0226,STU-0226,Shreya,Bhatia,female,2011-06-18,10,A,CLS-10A,SCH-001,Aditya Bhatia,+91 91234 00226,True
STU-2026-0227,STU-0227,Nikhil,Bose,male,2011-02-05,10,A,CLS-10A,SCH-001,Arjun Bose,+91 91234 00227,True
STU-2026-0228,STU-0228,Anushka,Saxena,female,2011-04-23,10,A,CLS-10A,SCH-001,Reyansh Saxena,+91 91234 00228,True
STU-2026-0229,STU-0229,Tanvi,Verma,female,2011-03-20,10,A,CLS-10A,SCH-001,Reyansh Verma,+91 91234 00229,True
STU-2026-0230,STU-0230,Anushka,Chopra,female,2011-03-14,10,A,CLS-10A,SCH-001,Aryan Chopra,+91 91234 00230,True
STU-2026-0231,STU-0231,Saanvi,Verma,female,2011-05-25,10,A,CLS-10A,SCH-001,Siddharth Verma,+91 91234 00231,True
STU-2026-0232,STU-0232,Anushka,Iyer,female,2011-04-05,10,A,CLS-10A,SCH-001,Varun Iyer,+91 91234 00232,True
STU-2026-0233,STU-0233,Tara,Kapoor,female,2011-01-23,10,A,CLS-10A,SCH-001,Gaurav Kapoor,+91 91234 00233,True
STU-2026-0234,STU-0234,Varun,Rao,male,2011-01-15,10,A,CLS-10A,SCH-001,Rishi Rao,+91 91234 00234,True
STU-2026-0235,STU-0235,Rohan,Nair,male,2011-02-16,10,A,CLS-10A,SCH-001,Pranav Nair,+91 91234 00235,True
STU-2026-0236,STU-0236,Vikram,Singh,male,2011-08-25,10,A,CLS-10A,SCH-001,Aditya Singh,+91 91234 00236,True
STU-2026-0237,STU-0237,Arjun,Deshmukh,male,2011-03-10,10,A,CLS-10A,SCH-001,Kunal Deshmukh,+91 91234 00237,True
STU-2026-0238,STU-0238,Myra,Saxena,female,2011-07-22,10,A,CLS-10A,SCH-001,Aarav Saxena,+91 91234 00238,True
STU-2026-0239,STU-0239,Anushka,Rao,female,2011-02-27,10,A,CLS-10A,SCH-001,Rudra Rao,+91 91234 00239,True
STU-2026-0240,STU-0240,Anushka,Singh,female,2011-02-14,10,A,CLS-10A,SCH-001,Varun Singh,+91 91234 00240,True
STU-2026-0241,STU-0241,Reyansh,Saxena,male,2011-01-25,10,A,CLS-10A,SCH-001,Varun Saxena,+91 91234 00241,True
STU-2026-0242,STU-0242,Kavya,Chopra,female,2011-03-11,10,A,CLS-10A,SCH-001,Aditya Chopra,+91 91234 00242,True
STU-2026-0243,STU-0243,Kiara,Bhatia,female,2011-08-09,10,A,CLS-10A,SCH-001,Rishi Bhatia,+91 91234 00243,True
STU-2026-0244,STU-0244,Ananya,Deshmukh,female,2011-07-05,10,A,CLS-10A,SCH-001,Pranav Deshmukh,+91 91234 00244,True
STU-2026-0245,STU-0245,Rohan,Menon,male,2011-08-24,10,A,CLS-10A,SCH-001,Kunal Menon,+91 91234 00245,True
STU-2026-0246,STU-0246,Shreya,Malhotra,female,2011-09-02,10,A,CLS-10A,SCH-001,Ishaan Malhotra,+91 91234 00246,True
STU-2026-0247,STU-0247,Neha,Patel,female,2011-07-18,10,A,CLS-10A,SCH-001,Aryan Patel,+91 91234 00247,True
STU-2026-0248,STU-0248,Rudra,Agarwal,male,2011-01-20,10,A,CLS-10A,SCH-001,Kabir Agarwal,+91 91234 00248,True
STU-2026-0249,STU-0249,Pooja,Nair,female,2011-12-15,10,A,CLS-10A,SCH-001,Amit Nair,+91 91234 00249,True
STU-2026-0250,STU-0250,Pooja,Gupta,female,2011-10-13,10,A,CLS-10A,SCH-001,Aarav Gupta,+91 91234 00250,True
STU-2026-0251,STU-0251,Rishi,Joshi,male,2011-12-12,10,A,CLS-10A,SCH-001,Varun Joshi,+91 91234 00251,True
STU-2026-0252,STU-0252,Rudra,Rao,male,2011-05-15,10,A,CLS-10A,SCH-001,Nikhil Rao,+91 91234 00252,True
STU-2026-0253,STU-0253,Harsh,Kapoor,male,2011-01-22,10,A,CLS-10A,SCH-001,Nikhil Kapoor,+91 91234 00253,True
STU-2026-0254,STU-0254,Myra,Verma,female,2011-12-06,10,A,CLS-10A,SCH-001,Sanjay Verma,+91 91234 00254,True
STU-2026-0255,STU-0255,Amit,Menon,male,2011-07-12,10,A,CLS-10A,SCH-001,Rohan Menon,+91 91234 00255,True
STU-2026-0256,STU-0256,Divya,Kulkarni,female,2011-08-24,10,A,CLS-10A,SCH-001,Pranav Kulkarni,+91 91234 00256,True
STU-2026-0257,STU-0257,Neha,Reddy,female,2011-04-08,10,A,CLS-10A,SCH-001,Kunal Reddy,+91 91234 00257,True
STU-2026-0258,STU-0258,Ananya,Rao,female,2011-07-24,10,A,CLS-10A,SCH-001,Kabir Rao,+91 91234 00258,True
STU-2026-0259,STU-0259,Dev,Patel,male,2011-11-13,10,A,CLS-10A,SCH-001,Kabir Patel,+91 91234 00259,True
STU-2026-0260,STU-0260,Aditya,Nair,male,2011-08-27,10,A,CLS-10A,SCH-001,Kabir Nair,+91 91234 00260,True
STU-2026-0261,STU-0261,Aditya,Verma,male,2011-06-01,10,A,CLS-10A,SCH-001,Kunal Verma,+91 91234 00261,True
STU-2026-0262,STU-0262,Meera,Mishra,female,2011-05-15,10,A,CLS-10A,SCH-001,Pranav Mishra,+91 91234 00262,True
STU-2026-0263,STU-0263,Pranav,Malhotra,male,2011-09-25,10,A,CLS-10A,SCH-001,Siddharth Malhotra,+91 91234 00263,True
STU-2026-0264,STU-0264,Manish,Nair,male,2011-01-19,10,A,CLS-10A,SCH-001,Varun Nair,+91 91234 00264,True
STU-2026-0265,STU-0265,Aditi,Singh,female,2011-06-02,10,B,CLS-10B,SCH-001,Varun Singh,+91 91234 00265,True
STU-2026-0266,STU-0266,Pooja,Kapoor,female,2011-01-24,10,B,CLS-10B,SCH-001,Dev Kapoor,+91 91234 00266,True
STU-2026-0267,STU-0267,Isha,Verma,female,2011-04-15,10,B,CLS-10B,SCH-001,Aditya Verma,+91 91234 00267,True
STU-2026-0268,STU-0268,Ananya,Bhatia,female,2011-02-05,10,B,CLS-10B,SCH-001,Vikram Bhatia,+91 91234 00268,True
STU-2026-0269,STU-0269,Kiara,Mishra,female,2011-06-06,10,B,CLS-10B,SCH-001,Vikram Mishra,+91 91234 00269,True
STU-2026-0270,STU-0270,Ananya,Bose,female,2011-10-09,10,B,CLS-10B,SCH-001,Siddharth Bose,+91 91234 00270,True
STU-2026-0271,STU-0271,Anushka,Nair,female,2011-07-21,10,B,CLS-10B,SCH-001,Aarav Nair,+91 91234 00271,True
STU-2026-0272,STU-0272,Ishaan,Chopra,male,2011-07-02,10,B,CLS-10B,SCH-001,Nikhil Chopra,+91 91234 00272,True
STU-2026-0273,STU-0273,Rudra,Chopra,male,2011-05-22,10,B,CLS-10B,SCH-001,Varun Chopra,+91 91234 00273,True
STU-2026-0274,STU-0274,Meera,Patel,female,2011-04-07,10,B,CLS-10B,SCH-001,Harsh Patel,+91 91234 00274,True
STU-2026-0275,STU-0275,Aryan,Singh,male,2011-08-21,10,B,CLS-10B,SCH-001,Pranav Singh,+91 91234 00275,True
STU-2026-0276,STU-0276,Vikram,Sharma,male,2011-04-20,10,B,CLS-10B,SCH-001,Pranav Sharma,+91 91234 00276,True
STU-2026-0277,STU-0277,Gaurav,Kapoor,male,2011-07-14,10,B,CLS-10B,SCH-001,Aarav Kapoor,+91 91234 00277,True
STU-2026-0278,STU-0278,Sneha,Kapoor,female,2011-12-19,10,B,CLS-10B,SCH-001,Reyansh Kapoor,+91 91234 00278,True
STU-2026-0279,STU-0279,Diya,Reddy,female,2011-06-24,10,B,CLS-10B,SCH-001,Aryan Reddy,+91 91234 00279,True
STU-2026-0280,STU-0280,Gaurav,Mishra,male,2011-01-03,10,B,CLS-10B,SCH-001,Rudra Mishra,+91 91234 00280,True
STU-2026-0281,STU-0281,Nikhil,Joshi,male,2011-12-25,10,B,CLS-10B,SCH-001,Gaurav Joshi,+91 91234 00281,True
STU-2026-0282,STU-0282,Tara,Joshi,female,2011-12-09,10,B,CLS-10B,SCH-001,Manish Joshi,+91 91234 00282,True
STU-2026-0283,STU-0283,Riya,Menon,female,2011-04-06,10,B,CLS-10B,SCH-001,Ishaan Menon,+91 91234 00283,True
STU-2026-0284,STU-0284,Ishaan,Nair,male,2011-09-13,10,B,CLS-10B,SCH-001,Manish Nair,+91 91234 00284,True
STU-2026-0285,STU-0285,Tanvi,Malhotra,female,2011-07-18,10,B,CLS-10B,SCH-001,Rohan Malhotra,+91 91234 00285,True
STU-2026-0286,STU-0286,Amit,Verma,male,2011-04-13,10,B,CLS-10B,SCH-001,Siddharth Verma,+91 91234 00286,True
STU-2026-0287,STU-0287,Amit,Chatterjee,male,2011-01-09,10,B,CLS-10B,SCH-001,Ishaan Chatterjee,+91 91234 00287,True
STU-2026-0288,STU-0288,Vikram,Kapoor,male,2011-04-11,10,B,CLS-10B,SCH-001,Manish Kapoor,+91 91234 00288,True
STU-2026-0289,STU-0289,Pranav,Chatterjee,male,2011-12-16,10,B,CLS-10B,SCH-001,Vikram Chatterjee,+91 91234 00289,True
STU-2026-0290,STU-0290,Aadhya,Joshi,female,2011-02-12,10,B,CLS-10B,SCH-001,Reyansh Joshi,+91 91234 00290,True
STU-2026-0291,STU-0291,Riya,Deshmukh,female,2011-12-08,10,B,CLS-10B,SCH-001,Ishaan Deshmukh,+91 91234 00291,True
STU-2026-0292,STU-0292,Priya,Joshi,female,2011-05-15,10,B,CLS-10B,SCH-001,Manish Joshi,+91 91234 00292,True
STU-2026-0293,STU-0293,Sanjay,Iyer,male,2011-01-02,10,B,CLS-10B,SCH-001,Gaurav Iyer,+91 91234 00293,True
STU-2026-0294,STU-0294,Dev,Mishra,male,2011-07-17,10,B,CLS-10B,SCH-001,Dev Mishra,+91 91234 00294,True
STU-2026-0295,STU-0295,Diya,Reddy,female,2011-03-19,10,B,CLS-10B,SCH-001,Aryan Reddy,+91 91234 00295,True
STU-2026-0296,STU-0296,Kiara,Agarwal,female,2011-03-13,10,B,CLS-10B,SCH-001,Manish Agarwal,+91 91234 00296,True
STU-2026-0297,STU-0297,Arjun,Kapoor,male,2011-09-18,10,B,CLS-10B,SCH-001,Aditya Kapoor,+91 91234 00297,True
STU-2026-0298,STU-0298,Manish,Chatterjee,male,2011-11-14,10,B,CLS-10B,SCH-001,Aarav Chatterjee,+91 91234 00298,True
STU-2026-0299,STU-0299,Ananya,Nair,female,2011-03-26,10,B,CLS-10B,SCH-001,Harsh Nair,+91 91234 00299,True
STU-2026-0300,STU-0300,Meera,Malhotra,female,2011-02-15,10,B,CLS-10B,SCH-001,Aarav Malhotra,+91 91234 00300,True
STU-2026-0301,STU-0301,Tara,Bhatia,female,2011-07-24,10,B,CLS-10B,SCH-001,Aryan Bhatia,+91 91234 00301,True
STU-2026-0302,STU-0302,Amit,Gupta,male,2011-10-03,10,B,CLS-10B,SCH-001,Nikhil Gupta,+91 91234 00302,True
STU-2026-0303,STU-0303,Shreya,Malhotra,female,2011-07-22,10,B,CLS-10B,SCH-001,Harsh Malhotra,+91 91234 00303,True
STU-2026-0304,STU-0304,Diya,Malhotra,female,2011-11-13,10,B,CLS-10B,SCH-001,Nikhil Malhotra,+91 91234 00304,True
STU-2026-0305,STU-0305,Myra,Rao,female,2011-01-23,10,B,CLS-10B,SCH-001,Aditya Rao,+91 91234 00305,True
STU-2026-0306,STU-0306,Aditya,Deshmukh,male,2011-11-14,10,B,CLS-10B,SCH-001,Nikhil Deshmukh,+91 91234 00306,True
STU-2026-0307,STU-0307,Pooja,Patel,female,2011-09-16,10,B,CLS-10B,SCH-001,Aarav Patel,+91 91234 00307,True
STU-2026-0308,STU-0308,Shreya,Rao,female,2011-07-18,10,B,CLS-10B,SCH-001,Siddharth Rao,+91 91234 00308,True
STU-2026-0309,STU-0309,Aryan,Chatterjee,male,2011-12-24,10,B,CLS-10B,SCH-001,Harsh Chatterjee,+91 91234 00309,True
STU-2026-0310,STU-0310,Nikhil,Iyer,male,2011-10-13,10,B,CLS-10B,SCH-001,Siddharth Iyer,+91 91234 00310,True
STU-2026-0311,STU-0311,Nikhil,Kulkarni,male,2011-05-10,10,B,CLS-10B,SCH-001,Reyansh Kulkarni,+91 91234 00311,True
STU-2026-0312,STU-0312,Avani,Saxena,female,2011-12-23,10,B,CLS-10B,SCH-001,Rohan Saxena,+91 91234 00312,True
STU-2026-0313,STU-0313,Aadhya,Saxena,female,2011-05-19,10,B,CLS-10B,SCH-001,Reyansh Saxena,+91 91234 00313,True
STU-2026-0314,STU-0314,Kiara,Deshmukh,female,2011-04-07,10,B,CLS-10B,SCH-001,Siddharth Deshmukh,+91 91234 00314,True
STU-2026-0315,STU-0315,Aditya,Chatterjee,male,2011-07-06,10,B,CLS-10B,SCH-001,Rohan Chatterjee,+91 91234 00315,True
STU-2026-0316,STU-0316,Simran,Mishra,female,2011-10-16,10,B,CLS-10B,SCH-001,Dev Mishra,+91 91234 00316,True
STU-2026-0317,STU-0317,Priya,Rao,female,2011-08-22,10,B,CLS-10B,SCH-001,Manish Rao,+91 91234 00317,True
STU-2026-0318,STU-0318,Aarav,Chatterjee,male,2011-04-05,10,B,CLS-10B,SCH-001,Aryan Chatterjee,+91 91234 00318,True
STU-2026-0319,STU-0319,Divya,Kapoor,female,2011-12-24,10,B,CLS-10B,SCH-001,Vikram Kapoor,+91 91234 00319,True
STU-2026-0320,STU-0320,Neha,Verma,female,2011-09-02,10,B,CLS-10B,SCH-001,Rahul Verma,+91 91234 00320,True
STU-2026-0321,STU-0321,Diya,Malhotra,female,2011-09-06,10,B,CLS-10B,SCH-001,Ishaan Malhotra,+91 91234 00321,True
STU-2026-0322,STU-0322,Aadhya,Verma,female,2011-05-16,10,B,CLS-10B,SCH-001,Dev Verma,+91 91234 00322,True
STU-2026-0323,STU-0323,Kabir,Saxena,male,2011-03-09,10,B,CLS-10B,SCH-001,Aditya Saxena,+91 91234 00323,True
STU-2026-0324,STU-0324,Aarav,Chatterjee,male,2011-07-01,10,B,CLS-10B,SCH-001,Siddharth Chatterjee,+91 91234 00324,True
STU-2026-0325,STU-0325,Aditi,Deshmukh,female,2011-02-23,10,B,CLS-10B,SCH-001,Dev Deshmukh,+91 91234 00325,True
STU-2026-0326,STU-0326,Amit,Reddy,male,2011-02-23,10,B,CLS-10B,SCH-001,Aarav Reddy,+91 91234 00326,True
STU-2026-0327,STU-0327,Amit,Saxena,male,2011-02-11,10,B,CLS-10B,SCH-001,Reyansh Saxena,+91 91234 00327,True
STU-2026-0328,STU-0328,Aadhya,Joshi,female,2011-04-19,10,B,CLS-10B,SCH-001,Reyansh Joshi,+91 91234 00328,True
STU-2026-0329,STU-0329,Shreya,Patel,female,2011-03-18,10,B,CLS-10B,SCH-001,Rudra Patel,+91 91234 00329,True
STU-2026-0330,STU-0330,Divya,Sharma,female,2011-04-10,10,B,CLS-10B,SCH-001,Rahul Sharma,+91 91234 00330,True
STU-2026-0331,STU-0331,Anushka,Gupta,female,2011-12-06,10,C,CLS-10C,SCH-001,Aarav Gupta,+91 91234 00331,True
STU-2026-0332,STU-0332,Nisha,Singh,female,2011-12-27,10,C,CLS-10C,SCH-001,Rohan Singh,+91 91234 00332,True
STU-2026-0333,STU-0333,Reyansh,Patel,male,2011-01-09,10,C,CLS-10C,SCH-001,Dev Patel,+91 91234 00333,True
STU-2026-0334,STU-0334,Rahul,Iyer,male,2011-05-17,10,C,CLS-10C,SCH-001,Amit Iyer,+91 91234 00334,True
STU-2026-0335,STU-0335,Avani,Patel,female,2011-04-18,10,C,CLS-10C,SCH-001,Ishaan Patel,+91 91234 00335,True
STU-2026-0336,STU-0336,Nisha,Rao,female,2011-08-01,10,C,CLS-10C,SCH-001,Siddharth Rao,+91 91234 00336,True
STU-2026-0337,STU-0337,Sanjay,Chopra,male,2011-04-05,10,C,CLS-10C,SCH-001,Kunal Chopra,+91 91234 00337,True
STU-2026-0338,STU-0338,Neha,Gupta,female,2011-07-19,10,C,CLS-10C,SCH-001,Rahul Gupta,+91 91234 00338,True
STU-2026-0339,STU-0339,Rishi,Kapoor,male,2011-12-01,10,C,CLS-10C,SCH-001,Pranav Kapoor,+91 91234 00339,True
STU-2026-0340,STU-0340,Rudra,Sharma,male,2011-01-25,10,C,CLS-10C,SCH-001,Kunal Sharma,+91 91234 00340,True
STU-2026-0341,STU-0341,Simran,Singh,female,2011-01-26,10,C,CLS-10C,SCH-001,Amit Singh,+91 91234 00341,True
STU-2026-0342,STU-0342,Varun,Sharma,male,2011-08-02,10,C,CLS-10C,SCH-001,Reyansh Sharma,+91 91234 00342,True
STU-2026-0343,STU-0343,Divya,Patel,female,2011-04-20,10,C,CLS-10C,SCH-001,Varun Patel,+91 91234 00343,True
STU-2026-0344,STU-0344,Aditya,Bose,male,2011-04-22,10,C,CLS-10C,SCH-001,Manish Bose,+91 91234 00344,True
STU-2026-0345,STU-0345,Diya,Gupta,female,2011-11-15,10,C,CLS-10C,SCH-001,Ishaan Gupta,+91 91234 00345,True
STU-2026-0346,STU-0346,Manish,Deshmukh,male,2011-08-10,10,C,CLS-10C,SCH-001,Aarav Deshmukh,+91 91234 00346,True
STU-2026-0347,STU-0347,Vikram,Chopra,male,2011-02-10,10,C,CLS-10C,SCH-001,Rishi Chopra,+91 91234 00347,True
STU-2026-0348,STU-0348,Shreya,Mehta,female,2011-02-08,10,C,CLS-10C,SCH-001,Varun Mehta,+91 91234 00348,True
STU-2026-0349,STU-0349,Gaurav,Bhatia,male,2011-02-21,10,C,CLS-10C,SCH-001,Varun Bhatia,+91 91234 00349,True
STU-2026-0350,STU-0350,Meera,Malhotra,female,2011-10-06,10,C,CLS-10C,SCH-001,Dev Malhotra,+91 91234 00350,True
STU-2026-0351,STU-0351,Avani,Saxena,female,2011-12-16,10,C,CLS-10C,SCH-001,Aryan Saxena,+91 91234 00351,True
STU-2026-0352,STU-0352,Tara,Singh,female,2011-08-01,10,C,CLS-10C,SCH-001,Pranav Singh,+91 91234 00352,True
STU-2026-0353,STU-0353,Kavya,Kulkarni,female,2011-05-10,10,C,CLS-10C,SCH-001,Kabir Kulkarni,+91 91234 00353,True
STU-2026-0354,STU-0354,Tara,Bhatia,female,2011-01-12,10,C,CLS-10C,SCH-001,Arjun Bhatia,+91 91234 00354,True
STU-2026-0355,STU-0355,Varun,Patel,male,2011-11-12,10,C,CLS-10C,SCH-001,Varun Patel,+91 91234 00355,True
STU-2026-0356,STU-0356,Kavya,Mehta,female,2011-05-13,10,C,CLS-10C,SCH-001,Rohan Mehta,+91 91234 00356,True
STU-2026-0357,STU-0357,Divya,Iyer,female,2011-05-06,10,C,CLS-10C,SCH-001,Amit Iyer,+91 91234 00357,True
STU-2026-0358,STU-0358,Arjun,Bose,male,2011-07-27,10,C,CLS-10C,SCH-001,Kunal Bose,+91 91234 00358,True
STU-2026-0359,STU-0359,Rudra,Saxena,male,2011-06-24,10,C,CLS-10C,SCH-001,Aarav Saxena,+91 91234 00359,True
STU-2026-0360,STU-0360,Tanvi,Rao,female,2011-05-19,10,C,CLS-10C,SCH-001,Rudra Rao,+91 91234 00360,True
STU-2026-0361,STU-0361,Sanjay,Nair,male,2011-08-04,10,C,CLS-10C,SCH-001,Reyansh Nair,+91 91234 00361,True
STU-2026-0362,STU-0362,Simran,Iyer,female,2011-09-13,10,C,CLS-10C,SCH-001,Rohan Iyer,+91 91234 00362,True
STU-2026-0363,STU-0363,Rudra,Singh,male,2011-10-17,10,C,CLS-10C,SCH-001,Arjun Singh,+91 91234 00363,True
STU-2026-0364,STU-0364,Harsh,Reddy,male,2011-08-16,10,C,CLS-10C,SCH-001,Vikram Reddy,+91 91234 00364,True
STU-2026-0365,STU-0365,Varun,Iyer,male,2011-03-22,10,C,CLS-10C,SCH-001,Harsh Iyer,+91 91234 00365,True
STU-2026-0366,STU-0366,Gaurav,Gupta,male,2011-05-15,10,C,CLS-10C,SCH-001,Aryan Gupta,+91 91234 00366,True
STU-2026-0367,STU-0367,Varun,Singh,male,2011-09-12,10,C,CLS-10C,SCH-001,Aditya Singh,+91 91234 00367,True
STU-2026-0368,STU-0368,Kiara,Agarwal,female,2011-08-01,10,C,CLS-10C,SCH-001,Rishi Agarwal,+91 91234 00368,True
STU-2026-0369,STU-0369,Aarav,Bose,male,2011-08-01,10,C,CLS-10C,SCH-001,Gaurav Bose,+91 91234 00369,True
STU-2026-0370,STU-0370,Reyansh,Saxena,male,2011-04-06,10,C,CLS-10C,SCH-001,Arjun Saxena,+91 91234 00370,True
STU-2026-0371,STU-0371,Nisha,Deshmukh,female,2011-07-20,10,C,CLS-10C,SCH-001,Rahul Deshmukh,+91 91234 00371,True
STU-2026-0372,STU-0372,Dev,Bhatia,male,2011-10-10,10,C,CLS-10C,SCH-001,Dev Bhatia,+91 91234 00372,True
STU-2026-0373,STU-0373,Vikram,Rao,male,2011-04-06,10,C,CLS-10C,SCH-001,Rohan Rao,+91 91234 00373,True
STU-2026-0374,STU-0374,Priya,Reddy,female,2011-12-09,10,C,CLS-10C,SCH-001,Ishaan Reddy,+91 91234 00374,True
STU-2026-0375,STU-0375,Priya,Chopra,female,2011-11-27,10,C,CLS-10C,SCH-001,Dev Chopra,+91 91234 00375,True
STU-2026-0376,STU-0376,Sanjay,Kulkarni,male,2011-08-22,10,C,CLS-10C,SCH-001,Pranav Kulkarni,+91 91234 00376,True
STU-2026-0377,STU-0377,Kiara,Verma,female,2011-02-05,10,C,CLS-10C,SCH-001,Aryan Verma,+91 91234 00377,True
STU-2026-0378,STU-0378,Tara,Iyer,female,2011-08-25,10,C,CLS-10C,SCH-001,Dev Iyer,+91 91234 00378,True
STU-2026-0379,STU-0379,Meera,Reddy,female,2011-12-26,10,C,CLS-10C,SCH-001,Rishi Reddy,+91 91234 00379,True
STU-2026-0380,STU-0380,Shreya,Reddy,female,2011-06-18,10,C,CLS-10C,SCH-001,Rahul Reddy,+91 91234 00380,True
STU-2026-0381,STU-0381,Diya,Kapoor,female,2011-04-06,10,C,CLS-10C,SCH-001,Kabir Kapoor,+91 91234 00381,True
STU-2026-0382,STU-0382,Aadhya,Verma,female,2011-08-12,10,C,CLS-10C,SCH-001,Nikhil Verma,+91 91234 00382,True
STU-2026-0383,STU-0383,Saanvi,Joshi,female,2011-11-26,10,C,CLS-10C,SCH-001,Siddharth Joshi,+91 91234 00383,True
STU-2026-0384,STU-0384,Kavya,Bhatia,female,2011-03-03,10,C,CLS-10C,SCH-001,Arjun Bhatia,+91 91234 00384,True
STU-2026-0385,STU-0385,Nisha,Singh,female,2011-02-06,10,C,CLS-10C,SCH-001,Nikhil Singh,+91 91234 00385,True
STU-2026-0386,STU-0386,Reyansh,Menon,male,2011-06-06,10,C,CLS-10C,SCH-001,Aarav Menon,+91 91234 00386,True
STU-2026-0387,STU-0387,Neha,Gupta,female,2011-07-18,10,C,CLS-10C,SCH-001,Varun Gupta,+91 91234 00387,True
STU-2026-0388,STU-0388,Aarav,Nair,male,2011-06-06,10,C,CLS-10C,SCH-001,Nikhil Nair,+91 91234 00388,True
STU-2026-0389,STU-0389,Diya,Chopra,female,2011-05-27,10,C,CLS-10C,SCH-001,Rudra Chopra,+91 91234 00389,True
STU-2026-0390,STU-0390,Rishi,Singh,male,2011-04-03,10,C,CLS-10C,SCH-001,Rohan Singh,+91 91234 00390,True
STU-2026-0391,STU-0391,Dev,Sharma,male,2011-09-11,10,C,CLS-10C,SCH-001,Kunal Sharma,+91 91234 00391,True
STU-2026-0392,STU-0392,Riya,Chopra,female,2011-02-12,10,C,CLS-10C,SCH-001,Aditya Chopra,+91 91234 00392,True
STU-2026-0393,STU-0393,Kavya,Gupta,female,2011-11-16,10,C,CLS-10C,SCH-001,Aditya Gupta,+91 91234 00393,True
STU-2026-0394,STU-0394,Manish,Rao,male,2011-08-01,10,C,CLS-10C,SCH-001,Harsh Rao,+91 91234 00394,True
STU-2026-0395,STU-0395,Siddharth,Bhatia,male,2011-04-20,10,C,CLS-10C,SCH-001,Aarav Bhatia,+91 91234 00395,True
STU-2026-0396,STU-0396,Nikhil,Mishra,male,2011-01-11,10,C,CLS-10C,SCH-001,Pranav Mishra,+91 91234 00396,True
STU-2026-0397,STU-0397,Tanvi,Agarwal,female,2010-11-01,11,A,CLS-11A,SCH-001,Rahul Agarwal,+91 91234 00397,True
STU-2026-0398,STU-0398,Avani,Malhotra,female,2010-02-12,11,A,CLS-11A,SCH-001,Aryan Malhotra,+91 91234 00398,True
STU-2026-0399,STU-0399,Kunal,Reddy,male,2010-03-14,11,A,CLS-11A,SCH-001,Rohan Reddy,+91 91234 00399,True
STU-2026-0400,STU-0400,Vikram,Nair,male,2010-08-16,11,A,CLS-11A,SCH-001,Rishi Nair,+91 91234 00400,True
STU-2026-0401,STU-0401,Kabir,Verma,male,2010-10-11,11,A,CLS-11A,SCH-001,Aarav Verma,+91 91234 00401,True
STU-2026-0402,STU-0402,Neha,Patel,female,2010-09-07,11,A,CLS-11A,SCH-001,Gaurav Patel,+91 91234 00402,True
STU-2026-0403,STU-0403,Vikram,Malhotra,male,2010-09-16,11,A,CLS-11A,SCH-001,Ishaan Malhotra,+91 91234 00403,True
STU-2026-0404,STU-0404,Shreya,Singh,female,2010-07-22,11,A,CLS-11A,SCH-001,Aryan Singh,+91 91234 00404,True
STU-2026-0405,STU-0405,Simran,Sharma,female,2010-03-26,11,A,CLS-11A,SCH-001,Varun Sharma,+91 91234 00405,True
STU-2026-0406,STU-0406,Simran,Malhotra,female,2010-12-03,11,A,CLS-11A,SCH-001,Kunal Malhotra,+91 91234 00406,True
STU-2026-0407,STU-0407,Avani,Menon,female,2010-09-15,11,A,CLS-11A,SCH-001,Gaurav Menon,+91 91234 00407,True
STU-2026-0408,STU-0408,Rohan,Mishra,male,2010-02-10,11,A,CLS-11A,SCH-001,Arjun Mishra,+91 91234 00408,True
STU-2026-0409,STU-0409,Varun,Gupta,male,2010-06-05,11,A,CLS-11A,SCH-001,Rahul Gupta,+91 91234 00409,True
STU-2026-0410,STU-0410,Pranav,Iyer,male,2010-09-19,11,A,CLS-11A,SCH-001,Kabir Iyer,+91 91234 00410,True
STU-2026-0411,STU-0411,Shreya,Chopra,female,2010-08-11,11,A,CLS-11A,SCH-001,Ishaan Chopra,+91 91234 00411,True
STU-2026-0412,STU-0412,Anushka,Chopra,female,2010-12-17,11,A,CLS-11A,SCH-001,Sanjay Chopra,+91 91234 00412,True
STU-2026-0413,STU-0413,Kavya,Patel,female,2010-09-15,11,A,CLS-11A,SCH-001,Siddharth Patel,+91 91234 00413,True
STU-2026-0414,STU-0414,Kunal,Sharma,male,2010-03-05,11,A,CLS-11A,SCH-001,Ishaan Sharma,+91 91234 00414,True
STU-2026-0415,STU-0415,Kabir,Bhatia,male,2010-12-01,11,A,CLS-11A,SCH-001,Gaurav Bhatia,+91 91234 00415,True
STU-2026-0416,STU-0416,Riya,Patel,female,2010-01-06,11,A,CLS-11A,SCH-001,Aditya Patel,+91 91234 00416,True
STU-2026-0417,STU-0417,Rudra,Deshmukh,male,2010-10-07,11,A,CLS-11A,SCH-001,Kunal Deshmukh,+91 91234 00417,True
STU-2026-0418,STU-0418,Ananya,Bose,female,2010-02-19,11,A,CLS-11A,SCH-001,Dev Bose,+91 91234 00418,True
STU-2026-0419,STU-0419,Shreya,Gupta,female,2010-03-11,11,A,CLS-11A,SCH-001,Rudra Gupta,+91 91234 00419,True
STU-2026-0420,STU-0420,Reyansh,Menon,male,2010-03-16,11,A,CLS-11A,SCH-001,Pranav Menon,+91 91234 00420,True
STU-2026-0421,STU-0421,Gaurav,Sharma,male,2010-05-03,11,A,CLS-11A,SCH-001,Vikram Sharma,+91 91234 00421,True
STU-2026-0422,STU-0422,Anushka,Rao,female,2010-10-20,11,A,CLS-11A,SCH-001,Dev Rao,+91 91234 00422,True
STU-2026-0423,STU-0423,Kabir,Mishra,male,2010-12-11,11,A,CLS-11A,SCH-001,Aryan Mishra,+91 91234 00423,True
STU-2026-0424,STU-0424,Riya,Saxena,female,2010-02-25,11,A,CLS-11A,SCH-001,Rishi Saxena,+91 91234 00424,True
STU-2026-0425,STU-0425,Rishi,Verma,male,2010-12-05,11,A,CLS-11A,SCH-001,Arjun Verma,+91 91234 00425,True
STU-2026-0426,STU-0426,Aryan,Nair,male,2010-02-20,11,A,CLS-11A,SCH-001,Sanjay Nair,+91 91234 00426,True
STU-2026-0427,STU-0427,Amit,Gupta,male,2010-06-16,11,A,CLS-11A,SCH-001,Reyansh Gupta,+91 91234 00427,True
STU-2026-0428,STU-0428,Harsh,Kapoor,male,2010-01-25,11,A,CLS-11A,SCH-001,Dev Kapoor,+91 91234 00428,True
STU-2026-0429,STU-0429,Avani,Malhotra,female,2010-01-07,11,A,CLS-11A,SCH-001,Vikram Malhotra,+91 91234 00429,True
STU-2026-0430,STU-0430,Ishaan,Joshi,male,2010-11-16,11,A,CLS-11A,SCH-001,Ishaan Joshi,+91 91234 00430,True
STU-2026-0431,STU-0431,Vikram,Nair,male,2010-01-09,11,A,CLS-11A,SCH-001,Aditya Nair,+91 91234 00431,True
STU-2026-0432,STU-0432,Tara,Sharma,female,2010-05-06,11,A,CLS-11A,SCH-001,Siddharth Sharma,+91 91234 00432,True
STU-2026-0433,STU-0433,Simran,Rao,female,2010-04-26,11,A,CLS-11A,SCH-001,Rohan Rao,+91 91234 00433,True
STU-2026-0434,STU-0434,Aryan,Bhatia,male,2010-10-22,11,A,CLS-11A,SCH-001,Kabir Bhatia,+91 91234 00434,True
STU-2026-0435,STU-0435,Sanjay,Joshi,male,2010-10-12,11,A,CLS-11A,SCH-001,Arjun Joshi,+91 91234 00435,True
STU-2026-0436,STU-0436,Kabir,Chatterjee,male,2010-07-18,11,A,CLS-11A,SCH-001,Dev Chatterjee,+91 91234 00436,True
STU-2026-0437,STU-0437,Meera,Joshi,female,2010-03-16,11,A,CLS-11A,SCH-001,Rishi Joshi,+91 91234 00437,True
STU-2026-0438,STU-0438,Ishaan,Chatterjee,male,2010-01-08,11,A,CLS-11A,SCH-001,Varun Chatterjee,+91 91234 00438,True
STU-2026-0439,STU-0439,Ananya,Reddy,female,2010-07-17,11,A,CLS-11A,SCH-001,Aditya Reddy,+91 91234 00439,True
STU-2026-0440,STU-0440,Harsh,Reddy,male,2010-11-22,11,A,CLS-11A,SCH-001,Rahul Reddy,+91 91234 00440,True
STU-2026-0441,STU-0441,Siddharth,Verma,male,2010-04-10,11,A,CLS-11A,SCH-001,Vikram Verma,+91 91234 00441,True
STU-2026-0442,STU-0442,Amit,Patel,male,2010-08-07,11,A,CLS-11A,SCH-001,Pranav Patel,+91 91234 00442,True
STU-2026-0443,STU-0443,Riya,Iyer,female,2010-10-18,11,A,CLS-11A,SCH-001,Aryan Iyer,+91 91234 00443,True
STU-2026-0444,STU-0444,Pooja,Rao,female,2010-03-23,11,A,CLS-11A,SCH-001,Aryan Rao,+91 91234 00444,True
STU-2026-0445,STU-0445,Kiara,Singh,female,2010-07-15,11,A,CLS-11A,SCH-001,Rishi Singh,+91 91234 00445,True
STU-2026-0446,STU-0446,Rohan,Gupta,male,2010-09-18,11,A,CLS-11A,SCH-001,Aarav Gupta,+91 91234 00446,True
STU-2026-0447,STU-0447,Varun,Malhotra,male,2010-08-05,11,A,CLS-11A,SCH-001,Manish Malhotra,+91 91234 00447,True
STU-2026-0448,STU-0448,Kavya,Gupta,female,2010-01-08,11,A,CLS-11A,SCH-001,Rohan Gupta,+91 91234 00448,True
STU-2026-0449,STU-0449,Tara,Menon,female,2010-08-02,11,A,CLS-11A,SCH-001,Arjun Menon,+91 91234 00449,True
STU-2026-0450,STU-0450,Neha,Kulkarni,female,2010-01-01,11,A,CLS-11A,SCH-001,Ishaan Kulkarni,+91 91234 00450,True
STU-2026-0451,STU-0451,Riya,Mishra,female,2010-09-13,11,A,CLS-11A,SCH-001,Manish Mishra,+91 91234 00451,True
STU-2026-0452,STU-0452,Aditi,Singh,female,2010-05-26,11,A,CLS-11A,SCH-001,Manish Singh,+91 91234 00452,True
STU-2026-0453,STU-0453,Aryan,Nair,male,2010-07-22,11,A,CLS-11A,SCH-001,Kunal Nair,+91 91234 00453,True
STU-2026-0454,STU-0454,Nikhil,Malhotra,male,2010-07-04,11,A,CLS-11A,SCH-001,Aryan Malhotra,+91 91234 00454,True
STU-2026-0455,STU-0455,Kabir,Mehta,male,2010-07-08,11,A,CLS-11A,SCH-001,Manish Mehta,+91 91234 00455,True
STU-2026-0456,STU-0456,Nisha,Joshi,female,2010-09-19,11,A,CLS-11A,SCH-001,Rudra Joshi,+91 91234 00456,True
STU-2026-0457,STU-0457,Anushka,Saxena,female,2010-11-01,11,A,CLS-11A,SCH-001,Sanjay Saxena,+91 91234 00457,True
STU-2026-0458,STU-0458,Amit,Nair,male,2010-03-24,11,A,CLS-11A,SCH-001,Reyansh Nair,+91 91234 00458,True
STU-2026-0459,STU-0459,Tanvi,Singh,female,2010-10-16,11,A,CLS-11A,SCH-001,Rahul Singh,+91 91234 00459,True
STU-2026-0460,STU-0460,Aadhya,Gupta,female,2010-02-16,11,A,CLS-11A,SCH-001,Aryan Gupta,+91 91234 00460,True
STU-2026-0461,STU-0461,Kunal,Nair,male,2010-06-14,11,A,CLS-11A,SCH-001,Rudra Nair,+91 91234 00461,True
STU-2026-0462,STU-0462,Sanjay,Singh,male,2010-10-17,11,A,CLS-11A,SCH-001,Amit Singh,+91 91234 00462,True
STU-2026-0463,STU-0463,Shreya,Kapoor,female,2010-11-10,11,B,CLS-11B,SCH-001,Aditya Kapoor,+91 91234 00463,True
STU-2026-0464,STU-0464,Kunal,Reddy,male,2010-02-04,11,B,CLS-11B,SCH-001,Rishi Reddy,+91 91234 00464,True
STU-2026-0465,STU-0465,Gaurav,Rao,male,2010-02-20,11,B,CLS-11B,SCH-001,Amit Rao,+91 91234 00465,True
STU-2026-0466,STU-0466,Kabir,Saxena,male,2010-08-23,11,B,CLS-11B,SCH-001,Nikhil Saxena,+91 91234 00466,True
STU-2026-0467,STU-0467,Siddharth,Gupta,male,2010-07-24,11,B,CLS-11B,SCH-001,Dev Gupta,+91 91234 00467,True
STU-2026-0468,STU-0468,Manish,Patel,male,2010-07-04,11,B,CLS-11B,SCH-001,Manish Patel,+91 91234 00468,True
STU-2026-0469,STU-0469,Dev,Singh,male,2010-03-06,11,B,CLS-11B,SCH-001,Dev Singh,+91 91234 00469,True
STU-2026-0470,STU-0470,Aarav,Sharma,male,2010-03-06,11,B,CLS-11B,SCH-001,Kunal Sharma,+91 91234 00470,True
STU-2026-0471,STU-0471,Amit,Malhotra,male,2010-04-05,11,B,CLS-11B,SCH-001,Ishaan Malhotra,+91 91234 00471,True
STU-2026-0472,STU-0472,Kabir,Malhotra,male,2010-09-26,11,B,CLS-11B,SCH-001,Arjun Malhotra,+91 91234 00472,True
STU-2026-0473,STU-0473,Rishi,Sharma,male,2010-02-15,11,B,CLS-11B,SCH-001,Pranav Sharma,+91 91234 00473,True
STU-2026-0474,STU-0474,Neha,Mishra,female,2010-01-03,11,B,CLS-11B,SCH-001,Reyansh Mishra,+91 91234 00474,True
STU-2026-0475,STU-0475,Pooja,Patel,female,2010-10-10,11,B,CLS-11B,SCH-001,Kabir Patel,+91 91234 00475,True
STU-2026-0476,STU-0476,Riya,Chatterjee,female,2010-06-09,11,B,CLS-11B,SCH-001,Rohan Chatterjee,+91 91234 00476,True
STU-2026-0477,STU-0477,Pranav,Iyer,male,2010-10-12,11,B,CLS-11B,SCH-001,Sanjay Iyer,+91 91234 00477,True
STU-2026-0478,STU-0478,Kunal,Malhotra,male,2010-09-10,11,B,CLS-11B,SCH-001,Nikhil Malhotra,+91 91234 00478,True
STU-2026-0479,STU-0479,Siddharth,Deshmukh,male,2010-09-18,11,B,CLS-11B,SCH-001,Dev Deshmukh,+91 91234 00479,True
STU-2026-0480,STU-0480,Meera,Gupta,female,2010-11-01,11,B,CLS-11B,SCH-001,Rudra Gupta,+91 91234 00480,True
STU-2026-0481,STU-0481,Priya,Sharma,female,2010-08-14,11,B,CLS-11B,SCH-001,Rishi Sharma,+91 91234 00481,True
STU-2026-0482,STU-0482,Isha,Kapoor,female,2010-10-22,11,B,CLS-11B,SCH-001,Siddharth Kapoor,+91 91234 00482,True
STU-2026-0483,STU-0483,Rishi,Sharma,male,2010-08-26,11,B,CLS-11B,SCH-001,Ishaan Sharma,+91 91234 00483,True
STU-2026-0484,STU-0484,Kavya,Bose,female,2010-04-09,11,B,CLS-11B,SCH-001,Gaurav Bose,+91 91234 00484,True
STU-2026-0485,STU-0485,Kabir,Singh,male,2010-03-22,11,B,CLS-11B,SCH-001,Manish Singh,+91 91234 00485,True
STU-2026-0486,STU-0486,Vikram,Gupta,male,2010-04-13,11,B,CLS-11B,SCH-001,Rohan Gupta,+91 91234 00486,True
STU-2026-0487,STU-0487,Tanvi,Bhatia,female,2010-09-23,11,B,CLS-11B,SCH-001,Kunal Bhatia,+91 91234 00487,True
STU-2026-0488,STU-0488,Pranav,Iyer,male,2010-04-21,11,B,CLS-11B,SCH-001,Kabir Iyer,+91 91234 00488,True
STU-2026-0489,STU-0489,Avani,Chopra,female,2010-10-07,11,B,CLS-11B,SCH-001,Rahul Chopra,+91 91234 00489,True
STU-2026-0490,STU-0490,Gaurav,Sharma,male,2010-02-07,11,B,CLS-11B,SCH-001,Manish Sharma,+91 91234 00490,True
STU-2026-0491,STU-0491,Ananya,Bose,female,2010-11-10,11,B,CLS-11B,SCH-001,Manish Bose,+91 91234 00491,True
STU-2026-0492,STU-0492,Kunal,Patel,male,2010-05-01,11,B,CLS-11B,SCH-001,Siddharth Patel,+91 91234 00492,True
STU-2026-0493,STU-0493,Priya,Agarwal,female,2010-08-16,11,B,CLS-11B,SCH-001,Manish Agarwal,+91 91234 00493,True
STU-2026-0494,STU-0494,Saanvi,Saxena,female,2010-05-18,11,B,CLS-11B,SCH-001,Arjun Saxena,+91 91234 00494,True
STU-2026-0495,STU-0495,Dev,Bhatia,male,2010-09-19,11,B,CLS-11B,SCH-001,Nikhil Bhatia,+91 91234 00495,True
STU-2026-0496,STU-0496,Nikhil,Agarwal,male,2010-06-02,11,B,CLS-11B,SCH-001,Aarav Agarwal,+91 91234 00496,True
STU-2026-0497,STU-0497,Tara,Iyer,female,2010-03-10,11,B,CLS-11B,SCH-001,Rudra Iyer,+91 91234 00497,True
STU-2026-0498,STU-0498,Kavya,Chopra,female,2010-10-18,11,B,CLS-11B,SCH-001,Ishaan Chopra,+91 91234 00498,True
STU-2026-0499,STU-0499,Pooja,Saxena,female,2010-03-21,11,B,CLS-11B,SCH-001,Gaurav Saxena,+91 91234 00499,True
STU-2026-0500,STU-0500,Myra,Saxena,female,2010-04-04,11,B,CLS-11B,SCH-001,Nikhil Saxena,+91 91234 00500,True
STU-2026-0501,STU-0501,Rishi,Mishra,male,2010-01-13,11,B,CLS-11B,SCH-001,Gaurav Mishra,+91 91234 00501,True
STU-2026-0502,STU-0502,Priya,Kapoor,female,2010-08-13,11,B,CLS-11B,SCH-001,Manish Kapoor,+91 91234 00502,True
STU-2026-0503,STU-0503,Rudra,Sharma,male,2010-11-12,11,B,CLS-11B,SCH-001,Rudra Sharma,+91 91234 00503,True
STU-2026-0504,STU-0504,Saanvi,Bhatia,female,2010-08-25,11,B,CLS-11B,SCH-001,Reyansh Bhatia,+91 91234 00504,True
STU-2026-0505,STU-0505,Kavya,Nair,female,2010-06-16,11,B,CLS-11B,SCH-001,Amit Nair,+91 91234 00505,True
STU-2026-0506,STU-0506,Aarav,Joshi,male,2010-01-05,11,B,CLS-11B,SCH-001,Kunal Joshi,+91 91234 00506,True
STU-2026-0507,STU-0507,Ananya,Malhotra,female,2010-07-27,11,B,CLS-11B,SCH-001,Sanjay Malhotra,+91 91234 00507,True
STU-2026-0508,STU-0508,Kunal,Bose,male,2010-08-23,11,B,CLS-11B,SCH-001,Vikram Bose,+91 91234 00508,True
STU-2026-0509,STU-0509,Kunal,Bose,male,2010-12-11,11,B,CLS-11B,SCH-001,Manish Bose,+91 91234 00509,True
STU-2026-0510,STU-0510,Sanjay,Verma,male,2010-04-17,11,B,CLS-11B,SCH-001,Rudra Verma,+91 91234 00510,True
STU-2026-0511,STU-0511,Divya,Sharma,female,2010-02-14,11,B,CLS-11B,SCH-001,Harsh Sharma,+91 91234 00511,True
STU-2026-0512,STU-0512,Rishi,Rao,male,2010-02-02,11,B,CLS-11B,SCH-001,Aarav Rao,+91 91234 00512,True
STU-2026-0513,STU-0513,Priya,Kapoor,female,2010-10-17,11,B,CLS-11B,SCH-001,Amit Kapoor,+91 91234 00513,True
STU-2026-0514,STU-0514,Meera,Gupta,female,2010-02-15,11,B,CLS-11B,SCH-001,Kunal Gupta,+91 91234 00514,True
STU-2026-0515,STU-0515,Divya,Singh,female,2010-12-05,11,B,CLS-11B,SCH-001,Reyansh Singh,+91 91234 00515,True
STU-2026-0516,STU-0516,Arjun,Kulkarni,male,2010-06-24,11,B,CLS-11B,SCH-001,Aditya Kulkarni,+91 91234 00516,True
STU-2026-0517,STU-0517,Reyansh,Bhatia,male,2010-10-11,11,B,CLS-11B,SCH-001,Rohan Bhatia,+91 91234 00517,True
STU-2026-0518,STU-0518,Aditya,Bose,male,2010-05-01,11,B,CLS-11B,SCH-001,Manish Bose,+91 91234 00518,True
STU-2026-0519,STU-0519,Riya,Saxena,female,2010-09-05,11,B,CLS-11B,SCH-001,Aditya Saxena,+91 91234 00519,True
STU-2026-0520,STU-0520,Nikhil,Joshi,male,2010-12-19,11,B,CLS-11B,SCH-001,Vikram Joshi,+91 91234 00520,True
STU-2026-0521,STU-0521,Aditi,Chopra,female,2010-09-03,11,B,CLS-11B,SCH-001,Gaurav Chopra,+91 91234 00521,True
STU-2026-0522,STU-0522,Reyansh,Iyer,male,2010-09-05,11,B,CLS-11B,SCH-001,Aryan Iyer,+91 91234 00522,True
STU-2026-0523,STU-0523,Rahul,Malhotra,male,2010-08-06,11,B,CLS-11B,SCH-001,Kunal Malhotra,+91 91234 00523,True
STU-2026-0524,STU-0524,Amit,Menon,male,2010-08-18,11,B,CLS-11B,SCH-001,Rohan Menon,+91 91234 00524,True
STU-2026-0525,STU-0525,Pranav,Reddy,male,2010-02-24,11,B,CLS-11B,SCH-001,Aarav Reddy,+91 91234 00525,True
STU-2026-0526,STU-0526,Pranav,Bhatia,male,2010-11-10,11,B,CLS-11B,SCH-001,Harsh Bhatia,+91 91234 00526,True
STU-2026-0527,STU-0527,Saanvi,Menon,female,2010-10-05,11,B,CLS-11B,SCH-001,Amit Menon,+91 91234 00527,True
STU-2026-0528,STU-0528,Amit,Reddy,male,2010-08-01,11,B,CLS-11B,SCH-001,Amit Reddy,+91 91234 00528,True
STU-2026-0529,STU-0529,Manish,Chatterjee,male,2010-02-09,11,C,CLS-11C,SCH-001,Amit Chatterjee,+91 91234 00529,True
STU-2026-0530,STU-0530,Simran,Chopra,female,2010-01-16,11,C,CLS-11C,SCH-001,Harsh Chopra,+91 91234 00530,True
STU-2026-0531,STU-0531,Aadhya,Chopra,female,2010-10-27,11,C,CLS-11C,SCH-001,Nikhil Chopra,+91 91234 00531,True
STU-2026-0532,STU-0532,Sneha,Mehta,female,2010-06-22,11,C,CLS-11C,SCH-001,Rudra Mehta,+91 91234 00532,True
STU-2026-0533,STU-0533,Aarav,Kulkarni,male,2010-04-11,11,C,CLS-11C,SCH-001,Rahul Kulkarni,+91 91234 00533,True
STU-2026-0534,STU-0534,Arjun,Joshi,male,2010-10-13,11,C,CLS-11C,SCH-001,Reyansh Joshi,+91 91234 00534,True
STU-2026-0535,STU-0535,Sanjay,Joshi,male,2010-01-14,11,C,CLS-11C,SCH-001,Kunal Joshi,+91 91234 00535,True
STU-2026-0536,STU-0536,Shreya,Malhotra,female,2010-06-22,11,C,CLS-11C,SCH-001,Vikram Malhotra,+91 91234 00536,True
STU-2026-0537,STU-0537,Shreya,Sharma,female,2010-05-19,11,C,CLS-11C,SCH-001,Vikram Sharma,+91 91234 00537,True
STU-2026-0538,STU-0538,Myra,Saxena,female,2010-03-21,11,C,CLS-11C,SCH-001,Ishaan Saxena,+91 91234 00538,True
STU-2026-0539,STU-0539,Shreya,Sharma,female,2010-03-03,11,C,CLS-11C,SCH-001,Sanjay Sharma,+91 91234 00539,True
STU-2026-0540,STU-0540,Rudra,Nair,male,2010-03-23,11,C,CLS-11C,SCH-001,Aditya Nair,+91 91234 00540,True
STU-2026-0541,STU-0541,Kunal,Reddy,male,2010-07-03,11,C,CLS-11C,SCH-001,Gaurav Reddy,+91 91234 00541,True
STU-2026-0542,STU-0542,Aditya,Kapoor,male,2010-12-23,11,C,CLS-11C,SCH-001,Siddharth Kapoor,+91 91234 00542,True
STU-2026-0543,STU-0543,Tanvi,Bose,female,2010-03-27,11,C,CLS-11C,SCH-001,Kabir Bose,+91 91234 00543,True
STU-2026-0544,STU-0544,Dev,Bhatia,male,2010-07-18,11,C,CLS-11C,SCH-001,Rahul Bhatia,+91 91234 00544,True
STU-2026-0545,STU-0545,Kabir,Deshmukh,male,2010-02-26,11,C,CLS-11C,SCH-001,Siddharth Deshmukh,+91 91234 00545,True
STU-2026-0546,STU-0546,Meera,Mehta,female,2010-03-19,11,C,CLS-11C,SCH-001,Dev Mehta,+91 91234 00546,True
STU-2026-0547,STU-0547,Myra,Mishra,female,2010-09-15,11,C,CLS-11C,SCH-001,Kunal Mishra,+91 91234 00547,True
STU-2026-0548,STU-0548,Priya,Patel,female,2010-03-14,11,C,CLS-11C,SCH-001,Vikram Patel,+91 91234 00548,True
STU-2026-0549,STU-0549,Amit,Gupta,male,2010-09-01,11,C,CLS-11C,SCH-001,Reyansh Gupta,+91 91234 00549,True
STU-2026-0550,STU-0550,Pooja,Rao,female,2010-09-06,11,C,CLS-11C,SCH-001,Manish Rao,+91 91234 00550,True
STU-2026-0551,STU-0551,Aryan,Sharma,male,2010-03-21,11,C,CLS-11C,SCH-001,Aarav Sharma,+91 91234 00551,True
STU-2026-0552,STU-0552,Riya,Mehta,female,2010-07-05,11,C,CLS-11C,SCH-001,Dev Mehta,+91 91234 00552,True
STU-2026-0553,STU-0553,Divya,Reddy,female,2010-06-09,11,C,CLS-11C,SCH-001,Kabir Reddy,+91 91234 00553,True
STU-2026-0554,STU-0554,Nikhil,Rao,male,2010-08-05,11,C,CLS-11C,SCH-001,Sanjay Rao,+91 91234 00554,True
STU-2026-0555,STU-0555,Aditi,Bose,female,2010-01-24,11,C,CLS-11C,SCH-001,Reyansh Bose,+91 91234 00555,True
STU-2026-0556,STU-0556,Aadhya,Kapoor,female,2010-07-22,11,C,CLS-11C,SCH-001,Varun Kapoor,+91 91234 00556,True
STU-2026-0557,STU-0557,Nikhil,Mehta,male,2010-11-07,11,C,CLS-11C,SCH-001,Rahul Mehta,+91 91234 00557,True
STU-2026-0558,STU-0558,Kabir,Reddy,male,2010-08-11,11,C,CLS-11C,SCH-001,Rohan Reddy,+91 91234 00558,True
STU-2026-0559,STU-0559,Rohan,Reddy,male,2010-08-03,11,C,CLS-11C,SCH-001,Rishi Reddy,+91 91234 00559,True
STU-2026-0560,STU-0560,Manish,Reddy,male,2010-01-09,11,C,CLS-11C,SCH-001,Reyansh Reddy,+91 91234 00560,True
STU-2026-0561,STU-0561,Aditi,Singh,female,2010-04-19,11,C,CLS-11C,SCH-001,Pranav Singh,+91 91234 00561,True
STU-2026-0562,STU-0562,Divya,Gupta,female,2010-07-27,11,C,CLS-11C,SCH-001,Rahul Gupta,+91 91234 00562,True
STU-2026-0563,STU-0563,Divya,Malhotra,female,2010-11-17,11,C,CLS-11C,SCH-001,Rishi Malhotra,+91 91234 00563,True
STU-2026-0564,STU-0564,Pranav,Nair,male,2010-12-05,11,C,CLS-11C,SCH-001,Kunal Nair,+91 91234 00564,True
STU-2026-0565,STU-0565,Aditya,Sharma,male,2010-10-14,11,C,CLS-11C,SCH-001,Dev Sharma,+91 91234 00565,True
STU-2026-0566,STU-0566,Rudra,Malhotra,male,2010-03-25,11,C,CLS-11C,SCH-001,Reyansh Malhotra,+91 91234 00566,True
STU-2026-0567,STU-0567,Kabir,Singh,male,2010-03-13,11,C,CLS-11C,SCH-001,Aarav Singh,+91 91234 00567,True
STU-2026-0568,STU-0568,Sneha,Saxena,female,2010-09-03,11,C,CLS-11C,SCH-001,Kabir Saxena,+91 91234 00568,True
STU-2026-0569,STU-0569,Avani,Kulkarni,female,2010-11-03,11,C,CLS-11C,SCH-001,Rahul Kulkarni,+91 91234 00569,True
STU-2026-0570,STU-0570,Manish,Joshi,male,2010-02-17,11,C,CLS-11C,SCH-001,Vikram Joshi,+91 91234 00570,True
STU-2026-0571,STU-0571,Myra,Reddy,female,2010-01-03,11,C,CLS-11C,SCH-001,Manish Reddy,+91 91234 00571,True
STU-2026-0572,STU-0572,Neha,Bose,female,2010-03-22,11,C,CLS-11C,SCH-001,Siddharth Bose,+91 91234 00572,True
STU-2026-0573,STU-0573,Nisha,Rao,female,2010-09-11,11,C,CLS-11C,SCH-001,Sanjay Rao,+91 91234 00573,True
STU-2026-0574,STU-0574,Aadhya,Iyer,female,2010-09-20,11,C,CLS-11C,SCH-001,Gaurav Iyer,+91 91234 00574,True
STU-2026-0575,STU-0575,Avani,Reddy,female,2010-05-16,11,C,CLS-11C,SCH-001,Aditya Reddy,+91 91234 00575,True
STU-2026-0576,STU-0576,Neha,Agarwal,female,2010-04-03,11,C,CLS-11C,SCH-001,Harsh Agarwal,+91 91234 00576,True
STU-2026-0577,STU-0577,Aditya,Joshi,male,2010-03-15,11,C,CLS-11C,SCH-001,Reyansh Joshi,+91 91234 00577,True
STU-2026-0578,STU-0578,Vikram,Verma,male,2010-01-18,11,C,CLS-11C,SCH-001,Reyansh Verma,+91 91234 00578,True
STU-2026-0579,STU-0579,Nisha,Deshmukh,female,2010-08-23,11,C,CLS-11C,SCH-001,Dev Deshmukh,+91 91234 00579,True
STU-2026-0580,STU-0580,Neha,Deshmukh,female,2010-03-06,11,C,CLS-11C,SCH-001,Varun Deshmukh,+91 91234 00580,True
STU-2026-0581,STU-0581,Kiara,Gupta,female,2010-11-19,11,C,CLS-11C,SCH-001,Siddharth Gupta,+91 91234 00581,True
STU-2026-0582,STU-0582,Sneha,Bhatia,female,2010-08-09,11,C,CLS-11C,SCH-001,Vikram Bhatia,+91 91234 00582,True
STU-2026-0583,STU-0583,Avani,Saxena,female,2010-09-18,11,C,CLS-11C,SCH-001,Rahul Saxena,+91 91234 00583,True
STU-2026-0584,STU-0584,Rahul,Menon,male,2010-04-17,11,C,CLS-11C,SCH-001,Varun Menon,+91 91234 00584,True
STU-2026-0585,STU-0585,Siddharth,Malhotra,male,2010-03-20,11,C,CLS-11C,SCH-001,Ishaan Malhotra,+91 91234 00585,True
STU-2026-0586,STU-0586,Avani,Reddy,female,2010-06-10,11,C,CLS-11C,SCH-001,Rohan Reddy,+91 91234 00586,True
STU-2026-0587,STU-0587,Shreya,Bhatia,female,2010-09-19,11,C,CLS-11C,SCH-001,Dev Bhatia,+91 91234 00587,True
STU-2026-0588,STU-0588,Aryan,Iyer,male,2010-11-21,11,C,CLS-11C,SCH-001,Rahul Iyer,+91 91234 00588,True
STU-2026-0589,STU-0589,Reyansh,Mehta,male,2010-06-26,11,C,CLS-11C,SCH-001,Sanjay Mehta,+91 91234 00589,True
STU-2026-0590,STU-0590,Divya,Iyer,female,2010-03-01,11,C,CLS-11C,SCH-001,Aditya Iyer,+91 91234 00590,True
STU-2026-0591,STU-0591,Sneha,Saxena,female,2010-10-01,11,C,CLS-11C,SCH-001,Rahul Saxena,+91 91234 00591,True
STU-2026-0592,STU-0592,Sanjay,Menon,male,2010-10-16,11,C,CLS-11C,SCH-001,Reyansh Menon,+91 91234 00592,True
STU-2026-0593,STU-0593,Manish,Singh,male,2010-09-04,11,C,CLS-11C,SCH-001,Vikram Singh,+91 91234 00593,True
STU-2026-0594,STU-0594,Rudra,Chopra,male,2010-10-10,11,C,CLS-11C,SCH-001,Harsh Chopra,+91 91234 00594,True
STU-2026-0595,STU-0595,Kiara,Chatterjee,female,2010-04-08,11,C,CLS-11C,SCH-001,Kunal Chatterjee,+91 91234 00595,True
STU-2026-0596,STU-0596,Dev,Bhatia,male,2010-07-19,11,C,CLS-11C,SCH-001,Arjun Bhatia,+91 91234 00596,True
STU-2026-0597,STU-0597,Pooja,Agarwal,female,2010-08-25,11,C,CLS-11C,SCH-001,Aditya Agarwal,+91 91234 00597,True
STU-2026-0598,STU-0598,Isha,Chatterjee,female,2010-10-17,11,C,CLS-11C,SCH-001,Rohan Chatterjee,+91 91234 00598,True
STU-2026-0599,STU-0599,Kabir,Bose,male,2010-10-05,11,C,CLS-11C,SCH-001,Gaurav Bose,+91 91234 00599,True
STU-2026-0600,STU-0600,Shreya,Kapoor,female,2010-04-26,11,C,CLS-11C,SCH-001,Nikhil Kapoor,+91 91234 00600,True
